,GPT,GPTmeans,GPTvoters,Candidates
0,0.39666666666666667,0.4,0.41,0.4033333333333333
1,0.3633333333333333,0.39666666666666667,0.4366666666666667,0.4033333333333333
2,0.4033333333333333,0.4,0.4166666666666667,0.3966666666666666
3,0.3966666666666666,0.43,0.39333333333333337,0.43
4,0.38,0.38,0.3733333333333333,0.44000000000000006
5,0.4066666666666666,0.4133333333333334,0.38,0.3966666666666666
6,0.3733333333333333,0.3966666666666666,0.39666666666666667,0.4133333333333334
7,0.4333333333333333,0.4133333333333333,0.4133333333333333,0.41
8,0.44000000000000006,0.4133333333333333,0.43,0.3933333333333333
9,0.42333333333333334,0.4066666666666666,0.37666666666666665,0.4133333333333334
10,0.42666666666666675,0.38,0.4033333333333332,0.38
11,0.4066666666666666,0.43,0.3733333333333333,0.38
12,0.4333333333333334,0.40333333333333343,0.43000000000000005,0.3966666666666666
13,0.3833333333333334,0.4066666666666666,0.39666666666666667,0.38
14,0.42666666666666664,0.42000000000000004,0.41,0.43666666666666665
15,0.4133333333333334,0.44333333333333325,0.44666666666666666,0.44666666666666666
16,0.4166666666666667,0.42333333333333334,0.4600000000000001,0.44666666666666666
17,0.4633333333333334,0.43666666666666665,0.4200000000000001,0.4133333333333334
18,0.46333333333333326,0.43,0.41666666666666663,0.4533333333333333
19,0.47000000000000003,0.42666666666666664,0.4466666666666666,0.4333333333333334
20,0.45,0.44000000000000006,0.42666666666666664,0.4633333333333334
21,0.4833333333333333,0.4533333333333333,0.47333333333333333,0.5033333333333333
22,0.4766666666666667,0.44000000000000006,0.5033333333333333,0.4533333333333334
23,0.4366666666666667,0.4333333333333333,0.49333333333333335,0.44666666666666666
24,0.45666666666666667,0.43666666666666665,0.4866666666666667,0.4366666666666667
25,0.4666666666666666,0.45999999999999996,0.42333333333333334,0.4533333333333334
26,0.43,0.43999999999999995,0.42666666666666664,0.4733333333333333
27,0.44000000000000006,0.4333333333333333,0.43999999999999995,0.44333333333333325
28,0.4366666666666667,0.41,0.4333333333333333,0.4333333333333333
29,0.47333333333333333,0.4666666666666666,0.42666666666666675,0.46333333333333326
30,0.47000000000000003,0.4699999999999999,0.41,0.4966666666666667
31,0.4533333333333333,0.47333333333333344,0.4333333333333334,0.47666666666666674
32,0.4533333333333333,0.49333333333333335,0.4133333333333334,0.5066666666666666
33,0.45,0.44666666666666666,0.4333333333333333,0.44000000000000006
34,0.4800000000000001,0.48666666666666664,0.42333333333333334,0.47333333333333344
35,0.47000000000000003,0.4766666666666667,0.4733333333333333,0.53
36,0.49000000000000005,0.4666666666666667,0.42333333333333345,0.5
37,0.4666666666666667,0.51,0.45999999999999996,0.5033333333333333
38,0.44666666666666677,0.4833333333333333,0.45999999999999996,0.48666666666666664
39,0.4533333333333333,0.45666666666666667,0.4333333333333333,0.43666666666666665
40,0.49333333333333335,0.4866666666666667,0.45999999999999996,0.5
41,0.4533333333333333,0.4966666666666667,0.4533333333333333,0.5433333333333333
42,0.4766666666666667,0.45,0.42666666666666664,0.46333333333333326
43,0.4833333333333334,0.49333333333333346,0.5266666666666666,0.5166666666666666
44,0.48666666666666664,0.4833333333333333,0.4766666666666667,0.4933333333333333
45,0.47333333333333333,0.5233333333333333,0.4333333333333333,0.4933333333333333
46,0.4866666666666667,0.5533333333333335,0.4633333333333334,0.47666666666666657
47,0.5266666666666666,0.5733333333333334,0.47000000000000003,0.52
48,0.4966666666666667,0.5333333333333334,0.48,0.5366666666666665
49,0.4633333333333334,0.5333333333333333,0.4533333333333333,0.51
50,0.51,0.5433333333333333,0.47000000000000003,0.5499999999999999
51,0.47666666666666674,0.5266666666666666,0.4699999999999999,0.5433333333333333
52,0.4966666666666667,0.5433333333333333,0.4666666666666668,0.5366666666666666
53,0.4633333333333335,0.5199999999999999,0.4633333333333334,0.5299999999999999
54,0.5033333333333333,0.5266666666666666,0.47000000000000003,0.5333333333333333
55,0.5066666666666666,0.5133333333333334,0.48666666666666664,0.5200000000000001
56,0.4833333333333333,0.5700000000000001,0.51,0.5266666666666666
57,0.5166666666666666,0.5166666666666667,0.4933333333333333,0.5266666666666666
58,0.5133333333333333,0.57,0.46333333333333326,0.5
59,0.45999999999999996,0.5333333333333333,0.4766666666666667,0.4999999999999999
60,0.4800000000000001,0.5466666666666666,0.46333333333333326,0.5599999999999999
61,0.4866666666666667,0.5366666666666666,0.49000000000000005,0.5166666666666666
62,0.47000000000000003,0.5399999999999999,0.44000000000000006,0.48
63,0.5266666666666666,0.5766666666666665,0.4699999999999999,0.5599999999999999
64,0.49333333333333335,0.5266666666666666,0.4766666666666667,0.5433333333333333
65,0.5033333333333333,0.5533333333333333,0.48,0.5266666666666666
66,0.5199999999999999,0.5466666666666666,0.42333333333333334,0.5299999999999999
67,0.5199999999999999,0.5666666666666667,0.4966666666666666,0.5566666666666666
68,0.5166666666666667,0.5533333333333332,0.4666666666666666,0.5366666666666666
69,0.4766666666666667,0.55,0.4699999999999999,0.5233333333333333
70,0.4933333333333333,0.5733333333333334,0.4933333333333333,0.4933333333333333
71,0.48666666666666664,0.5433333333333332,0.4666666666666667,0.4933333333333333
72,0.4633333333333334,0.5366666666666667,0.48,0.5133333333333334
73,0.5033333333333334,0.5366666666666665,0.44666666666666666,0.5166666666666667
74,0.48666666666666664,0.5399999999999999,0.47000000000000003,0.52
75,0.53,0.5599999999999999,0.5366666666666667,0.53
76,0.53,0.5966666666666666,0.5,0.5633333333333334
77,0.4833333333333334,0.6100000000000001,0.4333333333333333,0.5133333333333334
78,0.5333333333333333,0.6066666666666667,0.5133333333333333,0.5733333333333335
79,0.47999999999999987,0.5399999999999999,0.4833333333333333,0.5
80,0.5199999999999999,0.5633333333333334,0.45999999999999996,0.5166666666666668
81,0.48666666666666664,0.5366666666666667,0.4733333333333333,0.5366666666666665
82,0.5066666666666666,0.6133333333333334,0.4666666666666667,0.5466666666666666
83,0.4933333333333333,0.62,0.49000000000000005,0.5599999999999999
84,0.4966666666666666,0.55,0.40666666666666673,0.48
85,0.4866666666666667,0.5766666666666665,0.47666666666666657,0.5333333333333332
86,0.5299999999999999,0.6166666666666666,0.49000000000000005,0.5399999999999999
87,0.5433333333333333,0.57,0.5166666666666666,0.5633333333333334
88,0.53,0.5833333333333333,0.43999999999999995,0.5166666666666666
89,0.5133333333333333,0.6133333333333333,0.44666666666666666,0.5533333333333333
90,0.5266666666666666,0.6366666666666666,0.47333333333333333,0.5299999999999999
91,0.5333333333333333,0.6233333333333333,0.47333333333333333,0.5299999999999999
92,0.5266666666666666,0.6033333333333333,0.48999999999999994,0.5666666666666667
93,0.5133333333333333,0.6166666666666666,0.4766666666666667,0.53
94,0.4933333333333333,0.5599999999999999,0.47666666666666657,0.51
95,0.5233333333333332,0.5599999999999999,0.4,0.4999999999999999
96,0.5066666666666666,0.5566666666666666,0.47000000000000003,0.5366666666666666
97,0.5366666666666666,0.6399999999999999,0.5,0.5899999999999999
98,0.5633333333333332,0.6666666666666667,0.5233333333333333,0.5566666666666666
99,0.4966666666666667,0.6199999999999999,0.5,0.5333333333333333
100,0.5566666666666665,0.5866666666666667,0.5333333333333332,0.6
101,0.5433333333333332,0.5633333333333334,0.48,0.53
102,0.5233333333333333,0.6133333333333333,0.4800000000000001,0.5733333333333334
103,0.5166666666666667,0.62,0.51,0.5666666666666667
104,0.5366666666666666,0.5633333333333332,0.46333333333333326,0.5566666666666666
105,0.5266666666666666,0.6000000000000001,0.47000000000000003,0.5566666666666666
106,0.5399999999999999,0.58,0.5033333333333333,0.5666666666666667
107,0.5033333333333333,0.5866666666666666,0.5066666666666666,0.5399999999999999
108,0.5,0.5733333333333333,0.48999999999999994,0.5566666666666668
109,0.5399999999999998,0.6166666666666667,0.5133333333333333,0.57
110,0.5466666666666666,0.6166666666666667,0.48,0.56
111,0.5433333333333333,0.6366666666666667,0.51,0.5799999999999998
112,0.5266666666666666,0.6300000000000001,0.5033333333333333,0.58
113,0.5266666666666666,0.5933333333333333,0.48,0.5533333333333335
114,0.5366666666666668,0.6566666666666667,0.5066666666666666,0.5966666666666667
115,0.5599999999999999,0.5799999999999998,0.4966666666666667,0.54
116,0.5399999999999998,0.6133333333333334,0.5299999999999999,0.6100000000000001
117,0.5166666666666667,0.5733333333333333,0.42333333333333334,0.5033333333333333
118,0.5399999999999998,0.6166666666666667,0.5,0.5833333333333333
119,0.5166666666666666,0.6266666666666667,0.5333333333333334,0.6033333333333333
120,0.5800000000000001,0.6233333333333333,0.57,0.6166666666666666
121,0.5433333333333332,0.5933333333333334,0.51,0.5533333333333333
122,0.53,0.5733333333333334,0.4666666666666667,0.5599999999999999
123,0.51,0.6633333333333333,0.4933333333333333,0.5866666666666667
124,0.5533333333333333,0.6533333333333332,0.5233333333333332,0.5866666666666667
125,0.5566666666666666,0.6300000000000001,0.5133333333333333,0.5666666666666667
126,0.5366666666666666,0.6100000000000001,0.4666666666666666,0.5599999999999999
127,0.5433333333333332,0.6166666666666666,0.4833333333333334,0.54
128,0.5433333333333332,0.6466666666666666,0.55,0.6433333333333333
129,0.5399999999999999,0.6433333333333333,0.5366666666666667,0.63
130,0.5266666666666666,0.66,0.54,0.6066666666666668
131,0.5033333333333333,0.6133333333333334,0.4366666666666667,0.5366666666666666
132,0.5533333333333333,0.66,0.5266666666666666,0.62
133,0.53,0.6466666666666667,0.4866666666666667,0.5633333333333332
134,0.5333333333333334,0.68,0.5133333333333334,0.6133333333333332
135,0.5433333333333332,0.5733333333333333,0.4699999999999999,0.54
136,0.5499999999999998,0.64,0.5266666666666666,0.6333333333333333
137,0.5233333333333333,0.6033333333333333,0.49000000000000005,0.54
138,0.5333333333333333,0.6633333333333333,0.5266666666666666,0.6266666666666667
139,0.5366666666666665,0.68,0.52,0.6333333333333334
140,0.5566666666666666,0.6866666666666668,0.4966666666666666,0.5666666666666667
141,0.4966666666666667,0.61,0.48666666666666664,0.51
142,0.5166666666666666,0.6599999999999999,0.4866666666666667,0.57
143,0.5133333333333333,0.59,0.4966666666666667,0.5566666666666668
144,0.5166666666666666,0.6266666666666666,0.4999999999999999,0.5733333333333333
145,0.55,0.6366666666666666,0.5233333333333334,0.62
146,0.5266666666666666,0.59,0.5166666666666666,0.5666666666666665
147,0.53,0.6366666666666666,0.4700000000000001,0.5399999999999999
148,0.51,0.5733333333333333,0.4866666666666667,0.5633333333333334
149,0.5633333333333332,0.6599999999999999,0.49666666666666676,0.5833333333333333
150,0.5066666666666666,0.6233333333333333,0.4666666666666667,0.5866666666666666
151,0.5066666666666666,0.6166666666666666,0.44666666666666666,0.5566666666666668
152,0.5533333333333333,0.5933333333333334,0.44666666666666666,0.48999999999999994
153,0.5166666666666666,0.6133333333333333,0.43,0.5466666666666666
154,0.5133333333333333,0.6133333333333334,0.47000000000000003,0.5133333333333334
155,0.53,0.5866666666666666,0.4833333333333333,0.5066666666666666
156,0.5666666666666667,0.5933333333333333,0.53,0.5700000000000001
157,0.5333333333333332,0.5799999999999998,0.53,0.5833333333333333
158,0.5433333333333333,0.69,0.52,0.6166666666666667
159,0.5233333333333333,0.5833333333333333,0.51,0.5466666666666666
160,0.5266666666666667,0.6266666666666667,0.46333333333333326,0.5766666666666668
161,0.5166666666666666,0.6433333333333333,0.51,0.5666666666666667
162,0.52,0.5633333333333332,0.48,0.5599999999999999
163,0.5,0.6133333333333335,0.49000000000000005,0.5633333333333332
164,0.5533333333333333,0.6333333333333333,0.5499999999999999,0.6199999999999999
165,0.5466666666666666,0.6466666666666667,0.5399999999999999,0.6166666666666666
166,0.58,0.6533333333333334,0.53,0.64
167,0.5433333333333334,0.6000000000000001,0.5066666666666666,0.5733333333333334
168,0.5899999999999999,0.64,0.5466666666666666,0.6333333333333333
169,0.5166666666666666,0.61,0.4999999999999999,0.5066666666666668
170,0.5766666666666668,0.6766666666666666,0.5666666666666667,0.6300000000000001
171,0.5233333333333332,0.5966666666666666,0.49333333333333335,0.5066666666666667
172,0.5266666666666666,0.6433333333333333,0.4933333333333333,0.5933333333333333
173,0.5466666666666666,0.6566666666666665,0.5033333333333333,0.5900000000000001
174,0.5499999999999999,0.6066666666666667,0.4699999999999999,0.5633333333333332
175,0.5166666666666666,0.6133333333333334,0.44666666666666666,0.5533333333333333
176,0.5399999999999999,0.6333333333333333,0.4299999999999999,0.54
177,0.5333333333333333,0.6533333333333333,0.5,0.5333333333333333
178,0.5466666666666666,0.6366666666666666,0.5033333333333333,0.6233333333333333
179,0.4933333333333333,0.6566666666666665,0.4833333333333334,0.5833333333333333
180,0.5399999999999999,0.6666666666666667,0.46333333333333326,0.6266666666666667
181,0.5499999999999999,0.6566666666666665,0.53,0.6466666666666667
182,0.5433333333333332,0.6766666666666665,0.5666666666666667,0.6233333333333333
183,0.51,0.6633333333333333,0.4966666666666667,0.5866666666666667
184,0.5433333333333333,0.7033333333333333,0.5266666666666666,0.6366666666666666
185,0.5833333333333334,0.65,0.5233333333333332,0.5966666666666667
186,0.5533333333333332,0.6433333333333333,0.55,0.6333333333333334
187,0.54,0.6366666666666666,0.5,0.6033333333333333
188,0.52,0.6433333333333333,0.5233333333333332,0.5833333333333334
189,0.5333333333333333,0.55,0.45666666666666667,0.5166666666666668
190,0.54,0.6633333333333333,0.5133333333333333,0.61
191,0.5366666666666667,0.6233333333333333,0.5066666666666666,0.59
192,0.5033333333333333,0.5466666666666666,0.42000000000000004,0.5000000000000001
193,0.53,0.6233333333333333,0.5066666666666666,0.6133333333333333
194,0.5333333333333333,0.63,0.52,0.5833333333333333
195,0.5433333333333332,0.64,0.5133333333333334,0.5933333333333334
196,0.5333333333333333,0.6266666666666667,0.5033333333333333,0.6166666666666667
197,0.53,0.6500000000000001,0.44333333333333325,0.5733333333333334
198,0.5533333333333332,0.6299999999999999,0.49333333333333335,0.6033333333333333
199,0.5266666666666666,0.6266666666666666,0.5033333333333334,0.5833333333333333
200,0.5733333333333333,0.6366666666666666,0.5166666666666666,0.6333333333333333
201,0.6133333333333335,0.7533333333333333,0.5433333333333333,0.6866666666666666
202,0.5733333333333334,0.6466666666666667,0.48666666666666664,0.55
203,0.5466666666666666,0.6366666666666666,0.48,0.5233333333333332
204,0.5399999999999999,0.6866666666666666,0.4966666666666667,0.6100000000000001
205,0.5566666666666666,0.7333333333333333,0.5199999999999999,0.62
206,0.5733333333333333,0.69,0.5233333333333332,0.6
207,0.57,0.6599999999999999,0.5199999999999999,0.6233333333333333
208,0.5266666666666666,0.6,0.49000000000000005,0.5700000000000001
209,0.5366666666666667,0.6533333333333334,0.5266666666666666,0.61
210,0.5599999999999999,0.6366666666666667,0.5033333333333333,0.5866666666666667
211,0.5933333333333333,0.6433333333333333,0.55,0.6599999999999999
212,0.55,0.6200000000000001,0.4866666666666667,0.5199999999999999
213,0.5299999999999999,0.6366666666666667,0.5,0.6133333333333333
214,0.5333333333333334,0.6566666666666666,0.45999999999999996,0.6266666666666666
215,0.5466666666666666,0.6866666666666666,0.5233333333333332,0.6199999999999999
216,0.5666666666666667,0.6133333333333333,0.5133333333333333,0.56
217,0.5866666666666666,0.6399999999999999,0.5266666666666666,0.6033333333333333
218,0.49333333333333346,0.5966666666666667,0.44333333333333336,0.5433333333333333
219,0.5666666666666667,0.6866666666666666,0.5166666666666666,0.63
220,0.5466666666666666,0.6799999999999999,0.5033333333333333,0.6366666666666666
221,0.5366666666666666,0.6699999999999999,0.4699999999999999,0.62
222,0.4966666666666666,0.6699999999999998,0.5099999999999999,0.5833333333333334
223,0.5033333333333333,0.6566666666666667,0.4666666666666668,0.55
224,0.5,0.6666666666666666,0.5433333333333332,0.5866666666666667
225,0.5666666666666667,0.6666666666666667,0.4966666666666666,0.62
226,0.5566666666666666,0.6866666666666666,0.5266666666666666,0.6533333333333333
227,0.5299999999999999,0.62,0.4733333333333333,0.5733333333333333
228,0.5999999999999999,0.6733333333333333,0.5333333333333333,0.63
229,0.5766666666666667,0.6766666666666667,0.55,0.6499999999999999
230,0.5066666666666667,0.67,0.5333333333333333,0.6266666666666666
231,0.5599999999999999,0.7033333333333334,0.4833333333333333,0.6100000000000001
232,0.5566666666666668,0.6599999999999999,0.5266666666666666,0.6433333333333333
233,0.55,0.6166666666666667,0.5133333333333333,0.57
234,0.54,0.6466666666666667,0.48,0.5533333333333333
235,0.5966666666666665,0.6799999999999999,0.4666666666666666,0.5900000000000001
236,0.5533333333333333,0.6466666666666667,0.5166666666666666,0.5833333333333333
237,0.55,0.6699999999999999,0.53,0.6233333333333333
238,0.5233333333333332,0.6366666666666665,0.5466666666666666,0.6066666666666667
239,0.5966666666666667,0.68,0.5366666666666666,0.5866666666666667
240,0.57,0.6766666666666666,0.5133333333333334,0.6366666666666666
241,0.5899999999999999,0.6733333333333332,0.5033333333333333,0.6133333333333333
242,0.5333333333333332,0.6366666666666666,0.5133333333333334,0.6000000000000001
243,0.5599999999999999,0.65,0.4999999999999999,0.5533333333333333
244,0.5333333333333332,0.6733333333333332,0.5266666666666666,0.6033333333333333
245,0.5766666666666667,0.6233333333333333,0.5199999999999999,0.5966666666666668
246,0.5666666666666667,0.6399999999999999,0.5366666666666666,0.5700000000000001
247,0.54,0.6533333333333333,0.47333333333333333,0.5533333333333333
248,0.6033333333333333,0.7233333333333333,0.5266666666666666,0.5833333333333334
249,0.5700000000000001,0.7,0.54,0.66
250,0.5599999999999999,0.6533333333333334,0.5333333333333333,0.65
251,0.5933333333333334,0.7333333333333333,0.5666666666666667,0.6900000000000001
252,0.6066666666666667,0.6766666666666665,0.4966666666666667,0.6166666666666666
253,0.6099999999999999,0.71,0.5666666666666667,0.6533333333333333
254,0.5633333333333334,0.6933333333333334,0.5199999999999999,0.59
255,0.5666666666666667,0.63,0.5499999999999999,0.6399999999999999
256,0.5366666666666666,0.6699999999999999,0.4733333333333333,0.61
257,0.5599999999999999,0.6733333333333333,0.48666666666666664,0.64
258,0.54,0.7,0.54,0.6133333333333333
259,0.53,0.6566666666666666,0.48,0.6100000000000001
260,0.5866666666666667,0.6433333333333332,0.5166666666666667,0.6033333333333334
261,0.6233333333333333,0.6899999999999998,0.55,0.67
262,0.5833333333333333,0.6633333333333333,0.5266666666666666,0.63
263,0.5633333333333332,0.6166666666666666,0.4966666666666666,0.5866666666666667
264,0.5833333333333333,0.7233333333333334,0.5366666666666667,0.6266666666666667
265,0.5733333333333334,0.7066666666666666,0.4733333333333333,0.6199999999999999
266,0.5366666666666666,0.66,0.48666666666666664,0.6366666666666666
267,0.5633333333333332,0.6399999999999999,0.47333333333333333,0.6166666666666667
268,0.5266666666666666,0.6966666666666667,0.5133333333333333,0.62
269,0.6,0.7100000000000001,0.57,0.6799999999999999
270,0.5833333333333333,0.6466666666666667,0.5433333333333332,0.6533333333333333
271,0.5833333333333333,0.6900000000000001,0.5633333333333332,0.6266666666666667
272,0.5733333333333334,0.7333333333333333,0.5466666666666666,0.6333333333333333
273,0.5933333333333332,0.6499999999999999,0.5066666666666666,0.5766666666666667
274,0.5466666666666666,0.6299999999999999,0.5199999999999999,0.5833333333333334
275,0.57,0.6166666666666666,0.4966666666666666,0.6066666666666667
276,0.5766666666666667,0.6399999999999999,0.5066666666666666,0.6199999999999999
277,0.5933333333333332,0.67,0.5166666666666667,0.6166666666666666
278,0.5999999999999999,0.6766666666666666,0.5299999999999999,0.6333333333333334
279,0.5866666666666666,0.6566666666666666,0.4833333333333332,0.6033333333333333
280,0.5633333333333332,0.7233333333333334,0.5533333333333333,0.6533333333333333
281,0.53,0.6733333333333332,0.52,0.62
282,0.5633333333333332,0.7033333333333334,0.5299999999999999,0.63
283,0.5566666666666668,0.6233333333333333,0.48666666666666664,0.5933333333333334
284,0.5966666666666668,0.6733333333333335,0.5333333333333332,0.63
285,0.5233333333333333,0.6033333333333333,0.49000000000000005,0.5700000000000001
286,0.54,0.6500000000000001,0.5333333333333333,0.64
287,0.5333333333333334,0.6266666666666667,0.4533333333333333,0.5799999999999998
288,0.5799999999999998,0.6799999999999999,0.5233333333333333,0.65
289,0.5533333333333332,0.7066666666666667,0.51,0.6599999999999999
290,0.53,0.6533333333333333,0.4966666666666666,0.59
291,0.55,0.6900000000000001,0.5299999999999999,0.62
292,0.5133333333333333,0.5933333333333333,0.47333333333333333,0.5566666666666666
293,0.55,0.63,0.4633333333333334,0.5533333333333332
294,0.5433333333333333,0.55,0.43666666666666665,0.5499999999999999
295,0.6,0.6566666666666667,0.5466666666666666,0.6366666666666667
296,0.5399999999999999,0.6466666666666667,0.5,0.5133333333333333
297,0.5799999999999998,0.6633333333333333,0.5233333333333332,0.6033333333333333
298,0.5333333333333334,0.6466666666666667,0.4966666666666666,0.6266666666666667
299,0.5633333333333332,0.69,0.5433333333333332,0.6166666666666667
300,0.5366666666666667,0.6233333333333333,0.5199999999999999,0.5933333333333335
301,0.55,0.61,0.44333333333333325,0.5933333333333334
302,0.6266666666666667,0.7166666666666666,0.57,0.6366666666666667
303,0.63,0.6833333333333333,0.51,0.6733333333333332
304,0.5333333333333333,0.5733333333333334,0.5,0.53
305,0.5666666666666667,0.6366666666666666,0.54,0.6466666666666667
306,0.5633333333333332,0.6400000000000001,0.52,0.6066666666666667
307,0.5833333333333334,0.6433333333333333,0.5366666666666666,0.6500000000000001
308,0.5966666666666667,0.6866666666666668,0.6033333333333332,0.6766666666666667
309,0.5466666666666666,0.6399999999999999,0.5033333333333333,0.6366666666666666
310,0.5966666666666666,0.6666666666666667,0.5166666666666667,0.65
311,0.5833333333333333,0.6833333333333332,0.4966666666666666,0.59
312,0.5366666666666666,0.61,0.45999999999999996,0.5466666666666666
313,0.5899999999999999,0.7166666666666667,0.5433333333333332,0.63
314,0.6166666666666665,0.6966666666666665,0.5799999999999998,0.6766666666666667
315,0.5466666666666666,0.6799999999999999,0.5299999999999999,0.61
316,0.6033333333333333,0.6866666666666666,0.5666666666666667,0.6366666666666666
317,0.5700000000000001,0.6833333333333333,0.57,0.6199999999999999
318,0.5700000000000001,0.6466666666666666,0.51,0.65
319,0.5833333333333333,0.6466666666666667,0.5166666666666667,0.6366666666666666
320,0.5933333333333334,0.6466666666666667,0.5,0.6
321,0.6166666666666667,0.72,0.57,0.6700000000000002
322,0.6066666666666666,0.7266666666666667,0.5599999999999998,0.6866666666666666
323,0.5966666666666666,0.73,0.5233333333333332,0.6566666666666666
324,0.5933333333333333,0.6833333333333333,0.5333333333333332,0.6533333333333332
325,0.5700000000000001,0.6266666666666667,0.4766666666666667,0.5633333333333332
326,0.5533333333333332,0.6533333333333333,0.5166666666666666,0.5700000000000001
327,0.5433333333333332,0.5833333333333333,0.47000000000000003,0.5333333333333334
328,0.5366666666666666,0.6566666666666666,0.4833333333333333,0.5833333333333333
329,0.5833333333333333,0.72,0.5366666666666665,0.6166666666666666
330,0.5466666666666666,0.6099999999999999,0.4833333333333332,0.6133333333333333
331,0.4966666666666666,0.6266666666666667,0.47666666666666657,0.5533333333333332
332,0.5833333333333333,0.6366666666666667,0.5033333333333333,0.5966666666666666
333,0.5433333333333333,0.7,0.5433333333333334,0.6133333333333334
334,0.5966666666666667,0.72,0.5566666666666665,0.6533333333333333
335,0.5833333333333333,0.6866666666666665,0.4999999999999999,0.6466666666666667
336,0.6099999999999999,0.6699999999999999,0.52,0.6599999999999999
337,0.5466666666666666,0.6599999999999999,0.51,0.5666666666666667
338,0.6066666666666667,0.6766666666666666,0.5366666666666666,0.6666666666666667
339,0.5566666666666666,0.6799999999999999,0.49333333333333335,0.5866666666666667
340,0.5666666666666667,0.65,0.48999999999999994,0.6466666666666667
341,0.5566666666666665,0.6699999999999999,0.5499999999999999,0.6300000000000001
342,0.5633333333333332,0.63,0.53,0.6133333333333333
343,0.5599999999999999,0.6566666666666666,0.5066666666666666,0.6100000000000001
344,0.55,0.6766666666666667,0.57,0.6599999999999999
345,0.5333333333333333,0.6233333333333333,0.5166666666666667,0.5833333333333333
346,0.5933333333333334,0.6766666666666666,0.5666666666666667,0.6499999999999998
347,0.5433333333333333,0.6766666666666667,0.5533333333333333,0.61
348,0.5599999999999999,0.63,0.5333333333333333,0.5833333333333333
349,0.5333333333333334,0.6866666666666666,0.53,0.6033333333333333
350,0.5566666666666666,0.6866666666666668,0.53,0.6399999999999999
351,0.5266666666666666,0.6166666666666667,0.49333333333333335,0.5566666666666665
352,0.5233333333333332,0.5700000000000001,0.5233333333333332,0.5733333333333334
353,0.5433333333333332,0.6066666666666667,0.45000000000000007,0.44666666666666666
354,0.5933333333333333,0.7,0.59,0.7166666666666666
355,0.61,0.6933333333333332,0.5566666666666666,0.6933333333333334
356,0.5766666666666667,0.6466666666666667,0.5266666666666666,0.5833333333333333
357,0.5166666666666666,0.6066666666666667,0.44666666666666666,0.5566666666666668
358,0.5966666666666667,0.6100000000000001,0.5199999999999999,0.6433333333333333
359,0.5266666666666666,0.63,0.48999999999999994,0.61
360,0.5533333333333335,0.6333333333333332,0.48999999999999994,0.6066666666666667
361,0.5833333333333333,0.6533333333333334,0.5166666666666666,0.6300000000000001
362,0.6133333333333333,0.6833333333333333,0.5399999999999999,0.6933333333333334
363,0.59,0.6166666666666667,0.5066666666666666,0.6199999999999999
364,0.5566666666666666,0.6466666666666667,0.5399999999999999,0.6433333333333333
365,0.6266666666666667,0.6933333333333332,0.5233333333333333,0.6233333333333333
366,0.5900000000000001,0.6433333333333333,0.5033333333333332,0.5733333333333334
367,0.6033333333333334,0.6766666666666665,0.54,0.6633333333333333
368,0.5333333333333333,0.6066666666666667,0.47333333333333333,0.5866666666666667
369,0.5866666666666667,0.7166666666666666,0.5333333333333333,0.6433333333333333
370,0.5366666666666666,0.6033333333333333,0.53,0.5866666666666667
371,0.5766666666666665,0.6733333333333333,0.5666666666666667,0.6366666666666667
372,0.5900000000000001,0.6599999999999999,0.5533333333333333,0.7166666666666667
373,0.5599999999999999,0.6433333333333334,0.5133333333333334,0.5900000000000001
374,0.5599999999999999,0.6466666666666667,0.53,0.6033333333333333
375,0.6233333333333333,0.6933333333333332,0.6033333333333332,0.7
376,0.5833333333333333,0.6533333333333334,0.5399999999999999,0.6533333333333333
377,0.5733333333333333,0.5933333333333334,0.45333333333333325,0.5933333333333333
378,0.55,0.6433333333333333,0.5366666666666665,0.6366666666666666
379,0.6066666666666666,0.7266666666666667,0.5599999999999999,0.69
380,0.6233333333333333,0.6733333333333335,0.5700000000000001,0.67
381,0.58,0.6733333333333333,0.5133333333333332,0.6233333333333333
382,0.6,0.7033333333333334,0.5766666666666668,0.7066666666666667
383,0.5599999999999999,0.6133333333333333,0.47333333333333333,0.6066666666666667
384,0.5666666666666667,0.6633333333333333,0.49000000000000005,0.6433333333333333
385,0.5733333333333333,0.6566666666666666,0.5233333333333333,0.5866666666666667
386,0.5666666666666667,0.6799999999999999,0.5700000000000001,0.6166666666666667
387,0.64,0.7166666666666667,0.6,0.7333333333333334
388,0.5533333333333333,0.6466666666666667,0.55,0.6
389,0.5733333333333334,0.67,0.5166666666666666,0.6033333333333333
390,0.58,0.6499999999999999,0.48,0.56
391,0.59,0.6766666666666665,0.5,0.6666666666666667
392,0.5533333333333333,0.5900000000000001,0.44000000000000006,0.54
393,0.5900000000000001,0.6900000000000001,0.4966666666666666,0.6066666666666667
394,0.6166666666666667,0.7033333333333334,0.5733333333333334,0.6966666666666665
395,0.5700000000000001,0.6766666666666665,0.5366666666666666,0.64
396,0.5966666666666666,0.7066666666666667,0.59,0.6633333333333333
397,0.5933333333333333,0.6966666666666667,0.5866666666666666,0.7166666666666667
398,0.51,0.6266666666666666,0.4966666666666667,0.5833333333333334
399,0.63,0.7000000000000001,0.5599999999999999,0.6366666666666667
400,0.5933333333333333,0.6766666666666666,0.48999999999999994,0.63
401,0.6033333333333334,0.7566666666666666,0.5733333333333335,0.6733333333333333
402,0.6499999999999999,0.7166666666666666,0.5766666666666665,0.6566666666666666
403,0.5966666666666666,0.6533333333333332,0.4966666666666666,0.5966666666666667
404,0.6100000000000001,0.7133333333333333,0.5166666666666666,0.6566666666666666
405,0.5666666666666667,0.6533333333333332,0.5366666666666666,0.6166666666666667
406,0.66,0.7433333333333334,0.61,0.6799999999999999
407,0.5733333333333334,0.6666666666666667,0.54,0.6166666666666666
408,0.6100000000000001,0.6966666666666665,0.5833333333333334,0.6599999999999999
409,0.6066666666666667,0.69,0.5233333333333332,0.6399999999999999
410,0.5666666666666667,0.6766666666666665,0.5266666666666666,0.6433333333333333
411,0.5399999999999999,0.72,0.5066666666666667,0.59
412,0.5666666666666667,0.6599999999999999,0.5566666666666666,0.6366666666666667
413,0.5766666666666667,0.6633333333333333,0.54,0.64
414,0.63,0.78,0.6100000000000001,0.6966666666666665
415,0.5633333333333332,0.6699999999999999,0.5233333333333333,0.6
416,0.5766666666666665,0.7233333333333334,0.5700000000000001,0.62
417,0.6166666666666666,0.6599999999999999,0.55,0.6633333333333333
418,0.5966666666666667,0.6466666666666667,0.48999999999999994,0.6766666666666665
419,0.6066666666666667,0.6633333333333333,0.5433333333333333,0.6233333333333333
420,0.5766666666666665,0.6433333333333333,0.5033333333333333,0.6133333333333333
421,0.5633333333333334,0.7133333333333334,0.5966666666666665,0.6633333333333333
422,0.5833333333333334,0.6733333333333333,0.5366666666666665,0.6433333333333333
423,0.5233333333333333,0.5433333333333332,0.44333333333333336,0.5799999999999998
424,0.5900000000000001,0.6100000000000001,0.5333333333333333,0.6199999999999999
425,0.6166666666666666,0.6466666666666667,0.5633333333333334,0.6333333333333333
426,0.5733333333333334,0.6466666666666667,0.5233333333333333,0.6533333333333334
427,0.5533333333333333,0.6266666666666667,0.4866666666666667,0.6166666666666666
428,0.6066666666666666,0.6666666666666667,0.5033333333333333,0.6199999999999999
429,0.6099999999999999,0.6900000000000002,0.5566666666666666,0.6466666666666667
430,0.6033333333333332,0.6566666666666666,0.5266666666666666,0.6733333333333333
431,0.6266666666666667,0.7433333333333334,0.5900000000000001,0.6833333333333333
432,0.5733333333333333,0.6499999999999999,0.5533333333333333,0.6433333333333333
433,0.6000000000000001,0.6399999999999999,0.51,0.5933333333333333
434,0.6333333333333334,0.63,0.5433333333333332,0.6233333333333333
435,0.5700000000000001,0.7466666666666667,0.6133333333333333,0.6666666666666666
436,0.5933333333333333,0.65,0.5366666666666667,0.6033333333333333
437,0.6300000000000001,0.7133333333333333,0.5366666666666666,0.6500000000000001
438,0.5899999999999999,0.6399999999999999,0.5166666666666667,0.5866666666666667
439,0.5366666666666666,0.6233333333333333,0.5566666666666666,0.5999999999999999
440,0.6200000000000001,0.6833333333333333,0.5366666666666666,0.6533333333333332
441,0.5566666666666668,0.62,0.4966666666666666,0.63
442,0.5733333333333333,0.6633333333333332,0.47999999999999987,0.5433333333333332
443,0.6000000000000001,0.6833333333333332,0.5533333333333333,0.6233333333333334
444,0.5900000000000001,0.6666666666666666,0.5066666666666666,0.6333333333333333
445,0.5833333333333334,0.6833333333333332,0.5666666666666667,0.63
446,0.6066666666666667,0.67,0.5566666666666666,0.6666666666666666
447,0.6033333333333333,0.7133333333333334,0.5599999999999999,0.6599999999999999
448,0.5933333333333332,0.7,0.5566666666666666,0.6766666666666667
449,0.55,0.7,0.5533333333333333,0.6333333333333334
450,0.5233333333333333,0.6666666666666667,0.4966666666666666,0.62
451,0.5700000000000001,0.6733333333333333,0.5233333333333332,0.59
452,0.59,0.6233333333333333,0.5333333333333332,0.6033333333333333
453,0.6,0.6799999999999999,0.5166666666666668,0.6133333333333333
454,0.5366666666666667,0.6066666666666667,0.5033333333333334,0.57
455,0.6066666666666666,0.6466666666666667,0.5066666666666666,0.6433333333333332
456,0.5599999999999999,0.6966666666666667,0.5066666666666667,0.5933333333333333
457,0.6366666666666667,0.7066666666666667,0.62,0.6799999999999999
458,0.5599999999999999,0.6633333333333333,0.53,0.5900000000000001
459,0.5733333333333335,0.6966666666666667,0.53,0.6533333333333332
460,0.5900000000000001,0.7,0.5466666666666666,0.6366666666666667
461,0.5766666666666665,0.6633333333333333,0.5599999999999999,0.6533333333333332
462,0.6033333333333333,0.7333333333333333,0.5866666666666666,0.7199999999999999
463,0.6133333333333331,0.7333333333333334,0.5466666666666666,0.6966666666666667
464,0.5233333333333332,0.6866666666666665,0.5,0.62
465,0.5966666666666667,0.7166666666666666,0.5566666666666666,0.6433333333333333
466,0.59,0.6833333333333333,0.5799999999999998,0.6599999999999999
467,0.62,0.7033333333333333,0.5266666666666666,0.6766666666666666
468,0.5700000000000001,0.6133333333333333,0.44333333333333336,0.5499999999999999
469,0.5466666666666666,0.6399999999999999,0.48999999999999994,0.6233333333333333
470,0.6166666666666667,0.6666666666666667,0.55,0.5933333333333333
471,0.6166666666666666,0.72,0.5766666666666665,0.6833333333333333
472,0.5866666666666667,0.6966666666666667,0.5633333333333332,0.6066666666666666
473,0.5199999999999999,0.6166666666666667,0.4933333333333333,0.5466666666666666
474,0.5833333333333333,0.72,0.58,0.6566666666666666
475,0.6133333333333333,0.6766666666666665,0.5533333333333333,0.6399999999999999
476,0.5866666666666666,0.7233333333333334,0.5533333333333335,0.66
477,0.5899999999999999,0.6433333333333333,0.5633333333333334,0.6533333333333334
478,0.5933333333333334,0.7233333333333334,0.5766666666666665,0.6599999999999999
479,0.5666666666666667,0.6966666666666668,0.5433333333333333,0.6466666666666666
480,0.5533333333333332,0.64,0.4766666666666667,0.5533333333333335
481,0.5599999999999999,0.6466666666666667,0.4866666666666667,0.5933333333333334
482,0.5966666666666667,0.6566666666666666,0.5466666666666666,0.67
483,0.62,0.7233333333333333,0.53,0.6333333333333333
484,0.6,0.6799999999999999,0.5599999999999999,0.6599999999999999
485,0.6233333333333333,0.6933333333333334,0.5866666666666667,0.6633333333333333
486,0.5733333333333333,0.6633333333333333,0.5066666666666666,0.6300000000000001
487,0.5766666666666667,0.6766666666666665,0.5466666666666666,0.6599999999999999
488,0.6166666666666667,0.66,0.5466666666666666,0.5366666666666667
489,0.59,0.7066666666666668,0.6,0.6733333333333333
490,0.5666666666666665,0.6666666666666665,0.5233333333333333,0.6633333333333333
491,0.5966666666666667,0.7099999999999999,0.5733333333333333,0.68
492,0.5966666666666667,0.6966666666666665,0.5200000000000001,0.6433333333333333
493,0.57,0.6766666666666667,0.48,0.6066666666666667
494,0.5833333333333333,0.6933333333333334,0.53,0.6300000000000001
495,0.5866666666666666,0.6533333333333334,0.5166666666666666,0.6266666666666667
496,0.5599999999999999,0.6599999999999999,0.5533333333333333,0.6766666666666667
497,0.5933333333333335,0.7033333333333334,0.6033333333333333,0.6633333333333333
498,0.6166666666666666,0.6233333333333333,0.49333333333333346,0.5766666666666667
499,0.5766666666666667,0.72,0.5533333333333333,0.7033333333333334
500,0.6033333333333333,0.7466666666666667,0.6066666666666667,0.6833333333333333
501,0.5466666666666666,0.6666666666666666,0.54,0.6233333333333333
502,0.5533333333333333,0.6599999999999999,0.49333333333333335,0.5899999999999999
503,0.5166666666666667,0.58,0.4666666666666667,0.5133333333333334
504,0.63,0.6833333333333333,0.5866666666666666,0.61
505,0.5933333333333334,0.7366666666666666,0.5599999999999999,0.7033333333333334
506,0.58,0.7033333333333334,0.5733333333333334,0.6633333333333333
507,0.5900000000000001,0.6666666666666667,0.5433333333333332,0.6766666666666666
508,0.5433333333333333,0.6166666666666666,0.4833333333333333,0.53
509,0.6066666666666666,0.7166666666666666,0.5733333333333334,0.67
510,0.5766666666666667,0.63,0.5266666666666666,0.5933333333333334
511,0.5633333333333332,0.6966666666666665,0.5633333333333332,0.6133333333333333
512,0.5833333333333333,0.6533333333333333,0.5366666666666666,0.6333333333333333
513,0.5766666666666665,0.6799999999999999,0.5366666666666666,0.6466666666666667
514,0.5666666666666667,0.6399999999999999,0.4666666666666667,0.56
515,0.5833333333333333,0.7133333333333333,0.5533333333333333,0.6733333333333335
516,0.5866666666666667,0.6666666666666666,0.5233333333333332,0.6
517,0.6266666666666666,0.7300000000000002,0.5666666666666667,0.6933333333333334
518,0.6033333333333333,0.7166666666666667,0.5333333333333333,0.6699999999999999
519,0.6400000000000001,0.6966666666666665,0.6199999999999999,0.7166666666666667
520,0.6633333333333333,0.6900000000000001,0.5933333333333334,0.7000000000000001
521,0.5899999999999999,0.65,0.5266666666666666,0.63
522,0.5833333333333333,0.6233333333333333,0.48666666666666664,0.6133333333333335
523,0.5666666666666667,0.6666666666666666,0.4833333333333333,0.6066666666666667
524,0.5633333333333332,0.65,0.53,0.5833333333333334
525,0.61,0.6866666666666666,0.5366666666666666,0.65
526,0.5766666666666667,0.6766666666666666,0.5433333333333332,0.6366666666666667
527,0.6466666666666666,0.7266666666666666,0.5599999999999999,0.6766666666666665
528,0.5666666666666667,0.6333333333333333,0.5133333333333333,0.5833333333333334
529,0.5533333333333333,0.6033333333333333,0.5366666666666667,0.5733333333333334
530,0.5833333333333333,0.71,0.5333333333333333,0.6466666666666667
531,0.5266666666666666,0.5933333333333333,0.4999999999999999,0.5366666666666666
532,0.6133333333333334,0.66,0.5733333333333334,0.6599999999999999
533,0.5700000000000001,0.6366666666666666,0.5566666666666666,0.6266666666666667
534,0.6033333333333333,0.67,0.56,0.66
535,0.63,0.6666666666666666,0.5566666666666665,0.6433333333333333
536,0.5633333333333334,0.6433333333333333,0.4833333333333334,0.5366666666666666
537,0.63,0.76,0.65,0.6766666666666665
538,0.5966666666666665,0.7300000000000001,0.57,0.65
539,0.6,0.6733333333333335,0.5933333333333334,0.6466666666666667
540,0.6066666666666667,0.7,0.55,0.6366666666666666
541,0.6099999999999999,0.5866666666666667,0.55,0.58
542,0.5833333333333333,0.63,0.5399999999999999,0.5766666666666667
543,0.5866666666666667,0.7433333333333334,0.5866666666666666,0.6799999999999999
544,0.5866666666666667,0.6866666666666666,0.5333333333333333,0.6333333333333333
545,0.6466666666666667,0.7166666666666666,0.5933333333333334,0.6166666666666667
546,0.59,0.75,0.5066666666666666,0.6266666666666666
547,0.6133333333333335,0.6799999999999999,0.49333333333333335,0.5666666666666667
548,0.5933333333333332,0.6033333333333333,0.48999999999999994,0.5933333333333334
549,0.5733333333333334,0.6633333333333333,0.51,0.6066666666666667
550,0.5966666666666667,0.6866666666666668,0.5399999999999999,0.6466666666666666
551,0.5633333333333332,0.5733333333333333,0.49333333333333335,0.5366666666666666
552,0.5833333333333334,0.6566666666666666,0.5199999999999999,0.5933333333333334
553,0.6266666666666667,0.65,0.56,0.5966666666666667
554,0.6633333333333333,0.7366666666666667,0.5533333333333333,0.6599999999999999
555,0.6133333333333333,0.7066666666666668,0.6166666666666667,0.7
556,0.6066666666666666,0.7033333333333334,0.5766666666666668,0.6766666666666666
557,0.61,0.6766666666666666,0.5366666666666666,0.6566666666666667
558,0.5766666666666667,0.6199999999999999,0.5033333333333333,0.6066666666666667
559,0.5599999999999999,0.6699999999999999,0.4766666666666667,0.5799999999999998
560,0.5966666666666665,0.6399999999999999,0.5166666666666666,0.6166666666666667
561,0.5466666666666665,0.6566666666666666,0.5199999999999999,0.5966666666666667
562,0.6066666666666667,0.6733333333333333,0.5900000000000001,0.6900000000000001
563,0.6,0.6833333333333333,0.5666666666666667,0.6966666666666665
564,0.5999999999999999,0.6633333333333333,0.5833333333333333,0.6266666666666667
565,0.5799999999999998,0.6599999999999999,0.48666666666666664,0.5833333333333334
566,0.6366666666666666,0.7066666666666668,0.5833333333333333,0.65
567,0.6233333333333333,0.6900000000000001,0.5133333333333333,0.6333333333333334
568,0.5633333333333334,0.7066666666666667,0.5333333333333333,0.6533333333333332
569,0.6,0.6466666666666666,0.4499999999999999,0.5466666666666666
570,0.5900000000000001,0.6399999999999999,0.5533333333333335,0.6266666666666667
571,0.6233333333333333,0.6633333333333333,0.5533333333333332,0.6833333333333333
572,0.6133333333333333,0.6866666666666668,0.55,0.6533333333333333
573,0.54,0.61,0.5033333333333333,0.5833333333333333
574,0.6166666666666666,0.72,0.56,0.65
575,0.58,0.6366666666666666,0.57,0.61
576,0.5966666666666667,0.6733333333333333,0.5866666666666666,0.6433333333333333
577,0.6,0.7466666666666667,0.55,0.6133333333333334
578,0.5966666666666666,0.6366666666666667,0.5033333333333333,0.5966666666666667
579,0.6599999999999999,0.7633333333333333,0.5900000000000001,0.6666666666666666
580,0.5466666666666666,0.6133333333333333,0.5033333333333333,0.6033333333333333
581,0.5233333333333332,0.6433333333333333,0.5166666666666668,0.5933333333333332
582,0.5466666666666666,0.6900000000000002,0.5000000000000001,0.6066666666666667
583,0.5866666666666667,0.7133333333333333,0.5666666666666667,0.6666666666666665
584,0.6133333333333332,0.7166666666666667,0.5333333333333333,0.6833333333333333
585,0.5900000000000001,0.6733333333333333,0.52,0.6300000000000001
586,0.5933333333333332,0.73,0.5866666666666667,0.6900000000000001
587,0.5566666666666666,0.7333333333333334,0.6133333333333333,0.6833333333333333
588,0.6233333333333333,0.74,0.56,0.69
589,0.5966666666666667,0.6799999999999999,0.5766666666666667,0.62
590,0.63,0.6933333333333334,0.56,0.6333333333333333
591,0.57,0.7233333333333334,0.5133333333333333,0.6166666666666666
592,0.6300000000000001,0.7100000000000001,0.59,0.7000000000000001
593,0.5933333333333334,0.6566666666666666,0.5566666666666666,0.6199999999999999
594,0.5733333333333334,0.6566666666666666,0.5366666666666667,0.6133333333333334
595,0.5766666666666668,0.65,0.5599999999999999,0.6433333333333333
596,0.6133333333333333,0.7066666666666667,0.6166666666666666,0.7
597,0.61,0.6933333333333332,0.5633333333333332,0.6666666666666666
598,0.4966666666666667,0.6366666666666666,0.51,0.5533333333333332
599,0.6266666666666667,0.7233333333333334,0.62,0.7166666666666667
600,0.5566666666666666,0.6366666666666667,0.5233333333333334,0.6133333333333333
601,0.5733333333333333,0.6966666666666667,0.5366666666666666,0.5866666666666667
602,0.64,0.7366666666666668,0.59,0.6599999999999999
603,0.5866666666666667,0.6366666666666666,0.5233333333333332,0.6533333333333333
604,0.6033333333333333,0.7299999999999999,0.5966666666666667,0.6566666666666666
605,0.5633333333333332,0.6166666666666667,0.5166666666666667,0.6266666666666667
606,0.5866666666666667,0.59,0.5333333333333333,0.6066666666666667
607,0.5933333333333334,0.6033333333333334,0.55,0.5766666666666667
608,0.5566666666666666,0.6066666666666667,0.47999999999999987,0.5700000000000001
609,0.6066666666666667,0.6433333333333333,0.55,0.6366666666666667
610,0.5733333333333333,0.5933333333333333,0.5033333333333333,0.6133333333333334
611,0.5933333333333334,0.6166666666666667,0.5466666666666666,0.6366666666666667
612,0.6100000000000001,0.6466666666666666,0.5466666666666666,0.6866666666666666
613,0.6199999999999999,0.7399999999999999,0.5666666666666667,0.7166666666666666
614,0.6233333333333333,0.6433333333333333,0.4966666666666667,0.6033333333333333
615,0.6133333333333334,0.6966666666666667,0.5733333333333333,0.63
616,0.6033333333333333,0.6933333333333332,0.5233333333333332,0.6166666666666667
617,0.63,0.6833333333333333,0.5333333333333333,0.6233333333333333
618,0.5599999999999999,0.5933333333333335,0.4966666666666666,0.63
619,0.5633333333333334,0.6333333333333333,0.5133333333333333,0.6233333333333333
620,0.6100000000000001,0.7,0.5566666666666666,0.7133333333333333
621,0.5566666666666666,0.6633333333333333,0.5233333333333332,0.6233333333333333
622,0.5200000000000001,0.6099999999999999,0.5266666666666666,0.6199999999999999
623,0.6233333333333334,0.76,0.5433333333333333,0.5966666666666667
624,0.6,0.6733333333333333,0.58,0.6533333333333333
625,0.6166666666666666,0.6266666666666667,0.5,0.6566666666666667
626,0.6566666666666666,0.7500000000000001,0.6166666666666666,0.7366666666666667
627,0.5866666666666667,0.6399999999999999,0.53,0.6766666666666667
628,0.5700000000000001,0.5533333333333335,0.5166666666666666,0.5533333333333333
629,0.5966666666666667,0.6533333333333332,0.51,0.6233333333333333
630,0.6100000000000001,0.73,0.5733333333333331,0.6333333333333333
631,0.5966666666666667,0.6566666666666667,0.48,0.62
632,0.5599999999999999,0.6133333333333334,0.4666666666666667,0.5433333333333333
633,0.6133333333333334,0.7166666666666666,0.5733333333333333,0.6733333333333332
634,0.6033333333333333,0.6533333333333331,0.5199999999999999,0.6700000000000002
635,0.6133333333333332,0.6900000000000001,0.5266666666666666,0.6466666666666667
636,0.5566666666666666,0.6499999999999999,0.5166666666666667,0.6166666666666667
637,0.5900000000000001,0.6466666666666667,0.5233333333333333,0.5900000000000001
638,0.5299999999999999,0.6366666666666666,0.5233333333333333,0.6
639,0.6300000000000001,0.7166666666666668,0.5666666666666667,0.67
640,0.63,0.7,0.5833333333333333,0.6899999999999998
641,0.5633333333333332,0.63,0.5066666666666667,0.62
642,0.6533333333333333,0.78,0.61,0.7466666666666667
643,0.57,0.6633333333333334,0.5533333333333333,0.6066666666666667
644,0.5566666666666666,0.6633333333333333,0.5166666666666666,0.6433333333333333
645,0.5966666666666667,0.6333333333333333,0.4666666666666666,0.6
646,0.5966666666666667,0.6833333333333332,0.5566666666666668,0.5933333333333333
647,0.5966666666666668,0.6733333333333333,0.5666666666666667,0.6466666666666667
648,0.6033333333333334,0.6533333333333333,0.5433333333333332,0.6833333333333333
649,0.6166666666666666,0.67,0.5466666666666666,0.6466666666666667
650,0.6266666666666667,0.71,0.5599999999999999,0.66
651,0.64,0.6533333333333332,0.5633333333333334,0.6633333333333333
652,0.6433333333333333,0.6533333333333333,0.5233333333333333,0.7033333333333334
653,0.6166666666666666,0.7133333333333334,0.53,0.6599999999999999
654,0.6199999999999999,0.69,0.5166666666666667,0.64
655,0.6133333333333334,0.71,0.57,0.6566666666666667
656,0.6833333333333333,0.7433333333333333,0.5899999999999999,0.73
657,0.6433333333333333,0.7166666666666666,0.5866666666666667,0.6666666666666667
658,0.5933333333333334,0.7133333333333333,0.5266666666666666,0.65
659,0.6166666666666666,0.7133333333333333,0.5533333333333333,0.6366666666666667
660,0.6066666666666667,0.6799999999999999,0.5199999999999999,0.6500000000000001
661,0.6666666666666666,0.6933333333333334,0.5766666666666665,0.6633333333333333
662,0.6433333333333333,0.6666666666666666,0.5666666666666667,0.6799999999999999
663,0.6033333333333333,0.6599999999999999,0.55,0.6333333333333334
664,0.6300000000000001,0.7433333333333334,0.5666666666666667,0.7133333333333334
665,0.6533333333333333,0.7233333333333333,0.5766666666666668,0.6599999999999999
666,0.6133333333333333,0.7233333333333334,0.5733333333333333,0.6366666666666667
667,0.5700000000000001,0.6933333333333334,0.51,0.6533333333333334
668,0.5966666666666667,0.6533333333333333,0.5433333333333333,0.5700000000000002
669,0.6066666666666667,0.6933333333333332,0.5599999999999999,0.65
670,0.57,0.6733333333333333,0.5399999999999999,0.6333333333333333
671,0.6266666666666667,0.71,0.5766666666666667,0.6633333333333333
672,0.6066666666666667,0.6799999999999999,0.5666666666666667,0.66
673,0.6666666666666667,0.7033333333333334,0.5999999999999999,0.6133333333333333
674,0.5900000000000001,0.6100000000000001,0.5966666666666667,0.6433333333333333
675,0.63,0.6866666666666666,0.5233333333333333,0.6366666666666666
676,0.6066666666666667,0.6799999999999999,0.5566666666666665,0.5966666666666666
677,0.6066666666666667,0.6366666666666666,0.5466666666666666,0.65
678,0.5900000000000001,0.6233333333333333,0.5666666666666667,0.61
679,0.5966666666666667,0.6533333333333333,0.55,0.6599999999999999
680,0.5733333333333333,0.6833333333333333,0.6,0.5799999999999998
681,0.5766666666666665,0.6233333333333334,0.54,0.5599999999999998
682,0.6100000000000001,0.7033333333333334,0.5900000000000001,0.6933333333333332
683,0.6,0.6799999999999999,0.5566666666666665,0.6599999999999999
684,0.6266666666666667,0.7166666666666666,0.5866666666666667,0.6499999999999999
685,0.6366666666666667,0.7066666666666667,0.5599999999999999,0.6733333333333331
686,0.5800000000000001,0.63,0.5199999999999999,0.6100000000000001
687,0.6033333333333334,0.6799999999999999,0.5933333333333333,0.6199999999999999
688,0.5933333333333334,0.6633333333333333,0.5566666666666665,0.63
689,0.57,0.63,0.5,0.5933333333333334
690,0.6033333333333333,0.7066666666666668,0.5866666666666667,0.6666666666666666
691,0.63,0.67,0.5566666666666668,0.7033333333333334
692,0.6499999999999998,0.7200000000000001,0.6033333333333333,0.7266666666666667
693,0.5833333333333333,0.7033333333333333,0.5866666666666667,0.6633333333333333
694,0.65,0.6966666666666665,0.5133333333333334,0.6566666666666667
695,0.5933333333333332,0.6733333333333335,0.5933333333333333,0.6433333333333333
696,0.5566666666666666,0.6399999999999999,0.5499999999999999,0.6066666666666667
697,0.6266666666666667,0.6833333333333333,0.5733333333333334,0.6366666666666665
698,0.6199999999999999,0.6966666666666668,0.5733333333333334,0.6866666666666668
699,0.5900000000000001,0.6266666666666667,0.5399999999999999,0.5733333333333334
700,0.6433333333333333,0.6933333333333334,0.5466666666666666,0.6799999999999999
701,0.6166666666666667,0.7100000000000001,0.5366666666666666,0.6833333333333333
702,0.5700000000000001,0.6166666666666666,0.48666666666666664,0.6100000000000001
703,0.5833333333333334,0.6833333333333333,0.5266666666666666,0.6500000000000001
704,0.6133333333333334,0.6666666666666666,0.55,0.6366666666666667
705,0.6833333333333333,0.76,0.5700000000000001,0.7066666666666668
706,0.6300000000000001,0.7366666666666667,0.5466666666666666,0.6466666666666667
707,0.5933333333333334,0.6533333333333333,0.5066666666666666,0.5833333333333334
708,0.6100000000000001,0.7266666666666667,0.5666666666666667,0.6733333333333333
709,0.5900000000000001,0.7033333333333334,0.6,0.6666666666666666
710,0.5933333333333333,0.6399999999999999,0.5366666666666667,0.6066666666666667
711,0.6200000000000001,0.7133333333333334,0.57,0.6633333333333333
712,0.6233333333333333,0.7533333333333332,0.5833333333333334,0.6633333333333333
713,0.5833333333333334,0.5900000000000001,0.5366666666666666,0.6033333333333333
714,0.6333333333333333,0.72,0.5733333333333334,0.6266666666666667
715,0.5366666666666667,0.6066666666666666,0.4800000000000001,0.5633333333333334
716,0.6466666666666666,0.6733333333333335,0.53,0.6066666666666667
717,0.6133333333333333,0.69,0.49333333333333335,0.6233333333333333
718,0.6433333333333333,0.6333333333333333,0.5166666666666666,0.5999999999999999
719,0.62,0.7066666666666667,0.5633333333333332,0.6699999999999999
720,0.6066666666666667,0.67,0.5599999999999999,0.6333333333333333
721,0.6333333333333332,0.6633333333333333,0.56,0.6866666666666668
722,0.6233333333333333,0.6233333333333333,0.5233333333333332,0.62
723,0.5666666666666667,0.5366666666666666,0.51,0.55
724,0.6433333333333333,0.6900000000000001,0.5900000000000001,0.6866666666666666
725,0.5466666666666666,0.6599999999999999,0.5066666666666666,0.62
726,0.6566666666666667,0.7133333333333332,0.5466666666666666,0.67
727,0.5900000000000001,0.7,0.5399999999999999,0.6266666666666666
728,0.6033333333333333,0.5833333333333333,0.5233333333333333,0.5466666666666666
729,0.5666666666666667,0.6633333333333333,0.51,0.6066666666666667
730,0.6133333333333333,0.6966666666666667,0.56,0.6666666666666667
731,0.5666666666666667,0.6266666666666667,0.5199999999999999,0.6199999999999999
732,0.6599999999999999,0.6666666666666666,0.5833333333333333,0.7333333333333333
733,0.66,0.7266666666666667,0.5866666666666666,0.74
734,0.5599999999999999,0.5533333333333332,0.5266666666666666,0.5399999999999999
735,0.6166666666666666,0.64,0.5766666666666665,0.6366666666666666
736,0.6233333333333333,0.6666666666666666,0.5433333333333333,0.6533333333333333
737,0.6433333333333333,0.7133333333333334,0.5733333333333333,0.68
738,0.6633333333333333,0.6766666666666665,0.5633333333333332,0.6733333333333332
739,0.6233333333333333,0.7233333333333334,0.5433333333333333,0.5700000000000001
740,0.59,0.61,0.52,0.5800000000000001
741,0.6633333333333333,0.7699999999999999,0.6333333333333334,0.7
742,0.5866666666666666,0.71,0.5166666666666667,0.5766666666666667
743,0.5966666666666667,0.6333333333333333,0.5333333333333333,0.5833333333333333
744,0.6166666666666666,0.7133333333333333,0.5633333333333332,0.6633333333333333
745,0.6633333333333333,0.5933333333333334,0.5299999999999999,0.6199999999999999
746,0.5900000000000001,0.6566666666666666,0.5166666666666665,0.6599999999999999
747,0.5933333333333333,0.59,0.49333333333333335,0.5733333333333335
748,0.6133333333333334,0.7533333333333333,0.5766666666666667,0.6966666666666665
749,0.5866666666666667,0.6,0.5266666666666666,0.6033333333333333
750,0.6566666666666666,0.7466666666666667,0.6033333333333333,0.7
751,0.6499999999999999,0.73,0.58,0.7466666666666667
752,0.6566666666666666,0.6866666666666666,0.5533333333333333,0.6599999999999999
753,0.6266666666666667,0.6366666666666666,0.5733333333333334,0.6033333333333333
754,0.63,0.7066666666666667,0.5533333333333333,0.6833333333333332
755,0.6133333333333333,0.72,0.5366666666666667,0.6433333333333333
756,0.54,0.5866666666666667,0.43666666666666665,0.5466666666666666
757,0.6433333333333333,0.7133333333333333,0.6233333333333333,0.7033333333333334
758,0.6266666666666666,0.6900000000000001,0.5966666666666665,0.6833333333333333
759,0.6200000000000001,0.6766666666666666,0.5666666666666667,0.6699999999999998
760,0.6100000000000001,0.6599999999999999,0.5733333333333334,0.6399999999999999
761,0.6133333333333334,0.64,0.5133333333333334,0.6566666666666665
762,0.64,0.73,0.5566666666666666,0.6433333333333333
763,0.59,0.6633333333333333,0.5433333333333333,0.5866666666666667
764,0.6266666666666667,0.7,0.5633333333333332,0.7133333333333333
765,0.6166666666666667,0.67,0.5833333333333334,0.5866666666666667
766,0.5866666666666667,0.6866666666666666,0.5366666666666666,0.6466666666666666
767,0.5,0.5466666666666666,0.5066666666666666,0.5466666666666666
768,0.58,0.6666666666666667,0.5233333333333332,0.5966666666666667
769,0.5466666666666666,0.5366666666666666,0.4833333333333333,0.5733333333333334
770,0.6233333333333333,0.6533333333333332,0.6133333333333333,0.6766666666666666
771,0.6233333333333333,0.58,0.5666666666666667,0.6799999999999999
772,0.64,0.6966666666666667,0.5666666666666667,0.6666666666666667
773,0.6633333333333333,0.7233333333333334,0.6266666666666667,0.6766666666666665
774,0.6266666666666667,0.67,0.6199999999999999,0.63
775,0.6333333333333334,0.6733333333333332,0.5433333333333332,0.6166666666666667
776,0.6266666666666667,0.73,0.5733333333333333,0.6900000000000001
777,0.5766666666666667,0.6466666666666667,0.5666666666666667,0.6566666666666666
778,0.7100000000000001,0.7633333333333334,0.6266666666666667,0.7333333333333333
779,0.6233333333333333,0.63,0.5133333333333333,0.6333333333333333
780,0.6499999999999999,0.6466666666666667,0.54,0.6333333333333333
781,0.5966666666666666,0.6966666666666665,0.5599999999999999,0.67
782,0.6300000000000001,0.6699999999999999,0.5299999999999999,0.6866666666666666
783,0.6266666666666666,0.69,0.5566666666666666,0.6200000000000001
784,0.5966666666666667,0.7033333333333334,0.5366666666666666,0.64
785,0.6566666666666667,0.72,0.6066666666666667,0.6566666666666667
786,0.6433333333333333,0.6166666666666666,0.5633333333333334,0.6033333333333333
787,0.6166666666666667,0.6866666666666666,0.5466666666666666,0.65
788,0.6266666666666666,0.65,0.5299999999999999,0.6233333333333333
789,0.64,0.7133333333333334,0.5466666666666666,0.67
790,0.6299999999999999,0.7200000000000001,0.5499999999999999,0.6966666666666667
791,0.6233333333333333,0.6366666666666666,0.52,0.6266666666666666
792,0.6466666666666667,0.7166666666666666,0.6233333333333333,0.6533333333333333
793,0.6633333333333333,0.7333333333333333,0.6133333333333333,0.6966666666666667
794,0.66,0.7233333333333334,0.6033333333333334,0.6766666666666666
795,0.6300000000000001,0.7166666666666666,0.5599999999999998,0.6533333333333333
796,0.6366666666666666,0.75,0.5833333333333333,0.7033333333333334
797,0.5366666666666666,0.6233333333333333,0.5166666666666666,0.5900000000000001
798,0.6300000000000001,0.6866666666666666,0.5633333333333332,0.6433333333333333
799,0.6233333333333333,0.7133333333333334,0.5766666666666667,0.6499999999999999
800,0.6166666666666667,0.6699999999999999,0.5533333333333333,0.67
801,0.62,0.7033333333333334,0.55,0.6533333333333333
802,0.6033333333333333,0.6766666666666665,0.5866666666666667,0.6666666666666666
803,0.6066666666666667,0.6366666666666666,0.5133333333333333,0.5499999999999999
804,0.66,0.7000000000000001,0.5900000000000001,0.7133333333333332
805,0.64,0.6599999999999999,0.5599999999999999,0.6133333333333333
806,0.6466666666666666,0.66,0.5433333333333333,0.63
807,0.6066666666666667,0.6433333333333333,0.5199999999999999,0.6466666666666665
808,0.6133333333333333,0.69,0.62,0.6566666666666665
809,0.64,0.6733333333333333,0.5533333333333335,0.68
810,0.6466666666666667,0.7133333333333333,0.5700000000000001,0.6633333333333333
811,0.6033333333333333,0.6533333333333333,0.56,0.6300000000000001
812,0.5233333333333333,0.5566666666666668,0.47666666666666657,0.5366666666666667
813,0.6366666666666667,0.6666666666666666,0.5666666666666667,0.6133333333333334
814,0.6933333333333332,0.7066666666666667,0.6066666666666667,0.7066666666666666
815,0.6266666666666667,0.7133333333333333,0.5566666666666666,0.6933333333333332
816,0.6466666666666667,0.6799999999999999,0.5333333333333334,0.6466666666666667
817,0.67,0.7433333333333334,0.6033333333333334,0.71
818,0.5900000000000001,0.6399999999999999,0.5366666666666666,0.6433333333333333
819,0.5733333333333334,0.6733333333333331,0.54,0.6333333333333332
820,0.5933333333333334,0.6133333333333334,0.5166666666666666,0.6066666666666667
821,0.6433333333333333,0.71,0.58,0.6799999999999999
822,0.5399999999999999,0.5833333333333333,0.4066666666666666,0.6000000000000001
823,0.6366666666666665,0.6366666666666666,0.52,0.61
824,0.6333333333333335,0.6699999999999999,0.5166666666666668,0.6500000000000001
825,0.6566666666666666,0.7433333333333333,0.5666666666666667,0.71
826,0.5833333333333333,0.6133333333333334,0.5366666666666666,0.6200000000000001
827,0.6266666666666667,0.67,0.5533333333333333,0.6199999999999999
828,0.5733333333333334,0.5933333333333333,0.5633333333333332,0.6333333333333333
829,0.6399999999999999,0.7166666666666666,0.6,0.63
830,0.5633333333333334,0.5966666666666667,0.4966666666666667,0.4933333333333333
831,0.7,0.6966666666666667,0.5533333333333333,0.65
832,0.6366666666666666,0.7299999999999999,0.6099999999999999,0.6599999999999999
833,0.5766666666666667,0.6166666666666667,0.5166666666666667,0.61
834,0.6466666666666667,0.6899999999999998,0.5899999999999999,0.6766666666666667
835,0.6333333333333334,0.6833333333333333,0.54,0.6166666666666666
836,0.6666666666666666,0.7166666666666666,0.5933333333333334,0.71
837,0.7266666666666668,0.7666666666666666,0.6300000000000001,0.7333333333333334
838,0.6866666666666666,0.7033333333333334,0.57,0.6666666666666667
839,0.65,0.66,0.5633333333333334,0.62
840,0.6233333333333333,0.6900000000000001,0.5733333333333333,0.6399999999999999
841,0.6399999999999999,0.6100000000000001,0.5466666666666666,0.6366666666666667
842,0.5966666666666667,0.6533333333333334,0.5499999999999999,0.6566666666666666
843,0.59,0.6,0.5199999999999999,0.6233333333333333
844,0.66,0.6366666666666667,0.5533333333333333,0.6933333333333334
845,0.6166666666666668,0.6799999999999999,0.6066666666666667,0.6366666666666666
846,0.6233333333333333,0.6866666666666666,0.5733333333333335,0.6633333333333333
847,0.6199999999999999,0.6966666666666665,0.5700000000000001,0.6599999999999999
848,0.6666666666666666,0.7566666666666667,0.6066666666666666,0.6833333333333331
849,0.6366666666666667,0.7233333333333333,0.5433333333333333,0.6366666666666667
850,0.6866666666666668,0.6866666666666666,0.5666666666666667,0.6566666666666666
851,0.6066666666666667,0.67,0.5799999999999998,0.6333333333333333
852,0.6,0.66,0.5366666666666665,0.6533333333333332
853,0.5566666666666666,0.6766666666666666,0.5766666666666667,0.6033333333333333
854,0.5833333333333333,0.6699999999999999,0.5733333333333334,0.6199999999999999
855,0.6433333333333333,0.7233333333333333,0.5333333333333334,0.6266666666666667
856,0.6133333333333332,0.68,0.5366666666666666,0.6299999999999999
857,0.5933333333333333,0.6599999999999999,0.5466666666666667,0.6966666666666667
858,0.6166666666666666,0.6566666666666666,0.5499999999999999,0.5933333333333333
859,0.6,0.6933333333333332,0.5066666666666666,0.5933333333333334
860,0.62,0.6266666666666667,0.5566666666666666,0.6066666666666667
861,0.5833333333333333,0.6166666666666665,0.4999999999999999,0.5566666666666666
862,0.6533333333333333,0.6566666666666667,0.5633333333333334,0.63
863,0.6033333333333333,0.6733333333333333,0.6133333333333333,0.6533333333333333
864,0.66,0.6799999999999999,0.6,0.67
865,0.6833333333333333,0.72,0.6033333333333335,0.7066666666666668
866,0.6333333333333332,0.6699999999999999,0.5533333333333333,0.6466666666666667
867,0.5866666666666667,0.6433333333333333,0.5299999999999999,0.6100000000000001
868,0.6733333333333333,0.7366666666666666,0.6033333333333333,0.73
869,0.6466666666666667,0.7033333333333334,0.5900000000000001,0.6666666666666666
870,0.6133333333333333,0.7,0.5333333333333334,0.6433333333333333
871,0.6333333333333333,0.6699999999999999,0.58,0.6266666666666667
872,0.7300000000000001,0.8066666666666666,0.6766666666666667,0.76
873,0.65,0.7,0.6100000000000001,0.6333333333333333
874,0.5599999999999999,0.6533333333333332,0.48,0.56
875,0.5866666666666667,0.6633333333333332,0.5266666666666666,0.6366666666666666
876,0.58,0.6766666666666666,0.5166666666666667,0.5700000000000001
877,0.6266666666666667,0.7,0.5633333333333332,0.6066666666666667
878,0.6633333333333333,0.6900000000000001,0.5733333333333334,0.6633333333333333
879,0.6566666666666666,0.6833333333333333,0.5533333333333333,0.6699999999999999
880,0.62,0.6700000000000002,0.5333333333333332,0.6433333333333333
881,0.6433333333333333,0.6999999999999998,0.5633333333333334,0.6266666666666666
882,0.6033333333333333,0.6666666666666666,0.5466666666666666,0.6233333333333333
883,0.6833333333333332,0.7433333333333334,0.6166666666666666,0.7266666666666667
884,0.6566666666666665,0.7100000000000001,0.57,0.64
885,0.6466666666666667,0.6766666666666667,0.5633333333333334,0.6166666666666667
886,0.6166666666666666,0.6933333333333332,0.55,0.6066666666666667
887,0.6566666666666667,0.72,0.6199999999999999,0.6766666666666666
888,0.65,0.67,0.56,0.62
889,0.5733333333333334,0.6533333333333332,0.5099999999999999,0.62
890,0.6100000000000001,0.6033333333333333,0.56,0.5766666666666667
891,0.61,0.6766666666666665,0.5966666666666667,0.63
892,0.6266666666666667,0.5966666666666667,0.5733333333333335,0.6133333333333334
893,0.5966666666666666,0.6533333333333333,0.5966666666666665,0.6033333333333333
894,0.7233333333333334,0.7066666666666667,0.6000000000000001,0.6799999999999999
895,0.5966666666666668,0.65,0.5466666666666666,0.67
896,0.6366666666666666,0.6199999999999999,0.5766666666666667,0.6166666666666665
897,0.63,0.6966666666666667,0.5800000000000001,0.6466666666666667
898,0.6300000000000001,0.6133333333333333,0.5466666666666666,0.6633333333333333
899,0.6533333333333333,0.6433333333333333,0.57,0.6566666666666667
900,0.64,0.6799999999999999,0.5466666666666666,0.6533333333333333
901,0.7133333333333333,0.7433333333333333,0.6133333333333332,0.6666666666666666
902,0.6233333333333333,0.7233333333333333,0.5666666666666667,0.68
903,0.6599999999999999,0.6466666666666667,0.51,0.6066666666666667
904,0.6599999999999999,0.7033333333333334,0.5733333333333333,0.6666666666666666
905,0.62,0.7233333333333333,0.5533333333333333,0.6733333333333332
906,0.7033333333333334,0.7466666666666666,0.67,0.7566666666666666
907,0.5933333333333334,0.6733333333333332,0.5733333333333335,0.62
908,0.69,0.76,0.61,0.75
909,0.5766666666666665,0.6766666666666666,0.5433333333333333,0.6333333333333332
910,0.6199999999999999,0.6866666666666665,0.4966666666666667,0.6499999999999999
911,0.6233333333333333,0.6233333333333332,0.49000000000000005,0.5833333333333334
912,0.7000000000000001,0.6833333333333333,0.5666666666666667,0.6733333333333332
913,0.67,0.6933333333333332,0.5866666666666667,0.67
914,0.58,0.63,0.5933333333333334,0.6466666666666667
915,0.6499999999999999,0.7033333333333334,0.5633333333333335,0.67
916,0.7166666666666666,0.7333333333333333,0.5933333333333332,0.7333333333333333
917,0.65,0.7833333333333333,0.6133333333333333,0.63
918,0.6633333333333334,0.6799999999999999,0.59,0.6833333333333333
919,0.6666666666666666,0.7466666666666667,0.6266666666666667,0.7233333333333334
920,0.6133333333333333,0.6966666666666665,0.5700000000000001,0.6066666666666667
921,0.6399999999999999,0.6566666666666666,0.55,0.6533333333333333
922,0.6900000000000001,0.74,0.6233333333333333,0.7666666666666667
923,0.6466666666666667,0.6866666666666668,0.5366666666666666,0.6833333333333333
924,0.65,0.75,0.5666666666666667,0.6233333333333334
925,0.7299999999999999,0.7333333333333333,0.6000000000000001,0.72
926,0.6166666666666667,0.68,0.58,0.6666666666666666
927,0.61,0.7566666666666666,0.5666666666666667,0.6099999999999999
928,0.6266666666666667,0.7166666666666666,0.5533333333333333,0.5999999999999999
929,0.6733333333333335,0.7833333333333333,0.6133333333333333,0.74
930,0.6366666666666666,0.6166666666666668,0.5266666666666666,0.5900000000000001
931,0.6900000000000001,0.74,0.61,0.7033333333333334
932,0.6666666666666666,0.6666666666666666,0.53,0.6733333333333331
933,0.7066666666666667,0.7433333333333334,0.5633333333333334,0.6966666666666667
934,0.6266666666666667,0.6333333333333332,0.49000000000000005,0.5733333333333335
935,0.61,0.6433333333333333,0.5299999999999999,0.6133333333333333
936,0.6199999999999999,0.6933333333333332,0.6266666666666667,0.7066666666666666
937,0.6333333333333333,0.7866666666666666,0.5466666666666666,0.6866666666666665
938,0.6766666666666667,0.7566666666666666,0.6766666666666667,0.7299999999999999
939,0.7133333333333333,0.7533333333333333,0.6233333333333333,0.7066666666666668
940,0.5866666666666666,0.6133333333333333,0.5133333333333332,0.5700000000000001
941,0.6133333333333332,0.6899999999999998,0.56,0.6633333333333333
942,0.6233333333333333,0.58,0.51,0.59
943,0.7366666666666667,0.7566666666666666,0.6266666666666666,0.7233333333333334
944,0.7066666666666668,0.71,0.58,0.6833333333333333
945,0.5666666666666667,0.51,0.4366666666666667,0.5133333333333333
946,0.6266666666666667,0.6699999999999999,0.6133333333333333,0.6766666666666666
947,0.6900000000000001,0.6233333333333333,0.5366666666666667,0.6099999999999999
948,0.6133333333333333,0.63,0.5566666666666666,0.6633333333333333
949,0.6366666666666666,0.7233333333333334,0.5599999999999999,0.5966666666666667
950,0.5266666666666666,0.5900000000000001,0.46333333333333326,0.6233333333333333
951,0.5633333333333332,0.59,0.5166666666666667,0.5466666666666666
952,0.6700000000000002,0.7166666666666666,0.5666666666666667,0.71
953,0.62,0.6100000000000001,0.4733333333333333,0.58
954,0.6666666666666667,0.73,0.5833333333333333,0.6799999999999999
955,0.6199999999999999,0.6633333333333332,0.5566666666666666,0.6333333333333334
956,0.62,0.6900000000000002,0.5233333333333332,0.6399999999999999
957,0.6066666666666666,0.6266666666666666,0.5033333333333333,0.5733333333333334
958,0.59,0.6466666666666666,0.56,0.66
959,0.5533333333333333,0.5633333333333332,0.47333333333333333,0.5733333333333334
960,0.6733333333333333,0.7066666666666667,0.5633333333333334,0.6233333333333333
961,0.6633333333333333,0.7099999999999999,0.6133333333333334,0.6966666666666667
962,0.6066666666666668,0.6833333333333335,0.6033333333333333,0.6366666666666667
963,0.6533333333333333,0.7066666666666667,0.6166666666666666,0.6533333333333333
964,0.6633333333333333,0.6666666666666666,0.5533333333333333,0.63
965,0.5999999999999999,0.5599999999999999,0.4966666666666666,0.61
966,0.5700000000000001,0.6,0.5433333333333332,0.5599999999999999
967,0.66,0.6933333333333332,0.5433333333333333,0.7
968,0.6166666666666666,0.65,0.5299999999999999,0.6566666666666666
969,0.5933333333333334,0.6433333333333333,0.5599999999999999,0.6433333333333333
970,0.6233333333333333,0.6000000000000001,0.5533333333333333,0.5733333333333334
971,0.6066666666666667,0.6833333333333333,0.5366666666666666,0.65
972,0.6066666666666667,0.6533333333333334,0.4766666666666667,0.6033333333333333
973,0.6466666666666666,0.7033333333333334,0.49333333333333346,0.6166666666666667
974,0.6433333333333333,0.7033333333333334,0.58,0.6866666666666666
975,0.6333333333333334,0.6533333333333332,0.5433333333333332,0.6166666666666667
976,0.6233333333333334,0.6633333333333333,0.5633333333333334,0.62
977,0.65,0.7100000000000001,0.5799999999999998,0.7033333333333334
978,0.6133333333333334,0.6833333333333333,0.5833333333333334,0.6766666666666665
979,0.54,0.6233333333333334,0.5033333333333333,0.5900000000000001
980,0.6166666666666667,0.7433333333333333,0.5800000000000001,0.72
981,0.5900000000000001,0.6499999999999999,0.5366666666666668,0.6533333333333333
982,0.6633333333333333,0.72,0.61,0.6933333333333332
983,0.7,0.7033333333333334,0.5766666666666667,0.6966666666666665
984,0.6233333333333333,0.6766666666666665,0.5766666666666665,0.7066666666666667
985,0.6833333333333333,0.7299999999999999,0.59,0.71
986,0.6866666666666666,0.7133333333333333,0.6199999999999999,0.6733333333333333
987,0.6833333333333332,0.7,0.5766666666666664,0.7099999999999999
988,0.6133333333333333,0.6866666666666666,0.5933333333333334,0.6666666666666667
989,0.6533333333333333,0.6700000000000002,0.5466666666666666,0.64
990,0.6966666666666667,0.75,0.6433333333333333,0.7166666666666667
991,0.5766666666666667,0.6266666666666667,0.5033333333333333,0.6433333333333333
992,0.6599999999999999,0.65,0.5733333333333334,0.6166666666666666
993,0.6733333333333335,0.71,0.5800000000000001,0.6666666666666666
994,0.5733333333333334,0.6633333333333334,0.5366666666666666,0.64
995,0.6133333333333334,0.65,0.48999999999999994,0.6333333333333333
996,0.6433333333333333,0.6566666666666666,0.5233333333333332,0.68
997,0.6166666666666667,0.67,0.5799999999999998,0.74
998,0.6499999999999999,0.6633333333333333,0.5933333333333334,0.6666666666666667
999,0.62,0.6466666666666666,0.5566666666666666,0.6766666666666666
