,User,RMSE,CRA,ModelVersion,TimeStamp,Queries
0,1160049,0.4395013642048292,0.19444444444444445,0,2024-09-24 10:22:53.151251,"['32214', '32243', '32248', '32254', '32256', '32258', '32265', '32276', '32280', '32281']"
1,717263,0.4243322010931335,0.3888888888888889,0,2024-09-24 10:22:53.247837,"['32214', '32243', '32254', '32256', '32258', '32267', '32276', '32279', '32280', '32281']"
2,231494,0.5137334733010581,0.0,0,2024-09-24 10:22:53.346042,"['32214', '32248', '32254', '32256', '32258', '32262', '32265', '32267', '32276', '32280']"
3,1444728,0.43153215569273795,0.0,0,2024-09-24 10:22:53.448664,"['32214', '32243', '32248', '32254', '32256', '32258', '32265', '32276', '32280', '32281']"
4,1208012,0.43196999147803544,0.027777777777777776,0,2024-09-24 10:22:53.552184,"['32243', '32244', '32254', '32258', '32259', '32267', '32276', '32279', '32280', '32281']"
5,525723,0.4815758150648502,0.08333333333333333,5,2024-09-24 10:22:53.740661,"['32235', '32238', '32241', '32243', '32254', '32270', '32273', '32277', '32281', '32286']"
6,792976,0.42853789569508866,0.0,5,2024-09-24 10:22:53.844843,"['32235', '32238', '32241', '32243', '32254', '32270', '32273', '32277', '32281', '32286']"
7,229866,0.49231973364020654,0.0,5,2024-09-24 10:22:53.947529,"['32218', '32238', '32240', '32243', '32245', '32270', '32273', '32277', '32281', '32286']"
8,528515,0.4172345099376877,0.05555555555555555,5,2024-09-24 10:22:54.048994,"['32218', '32223', '32240', '32243', '32245', '32270', '32273', '32277', '32281', '32286']"
9,492506,0.4087209292336359,0.0,5,2024-09-24 10:22:54.149039,"['32238', '32240', '32243', '32254', '32270', '32273', '32277', '32278', '32281', '32286']"
10,803758,0.4398683486366346,0.027777777777777776,10,2024-09-24 10:22:54.360194,"['32214', '32218', '32222', '32223', '32224', '32232', '32244', '32256', '32274', '32278']"
11,1049164,0.4513825418715582,0.0,10,2024-09-24 10:22:54.464398,"['32218', '32222', '32223', '32224', '32232', '32244', '32269', '32274', '32278', '32281']"
12,1647003,0.5050793403752786,0.0,10,2024-09-24 10:22:54.568225,"['32218', '32222', '32223', '32224', '32232', '32242', '32244', '32251', '32274', '32278']"
13,888165,0.37364215830647507,0.19444444444444445,10,2024-09-24 10:22:54.670078,"['32218', '32222', '32223', '32224', '32232', '32244', '32269', '32274', '32278', '32281']"
14,1392437,0.5252460006199318,0.0,10,2024-09-24 10:22:54.770400,"['32214', '32218', '32222', '32223', '32224', '32232', '32244', '32269', '32274', '32278']"
15,900605,0.5315352087774593,0.0,15,2024-09-24 10:22:54.956499,"['32229', '32245', '32246', '32249', '32253', '32268', '32271', '32279', '32282', '32287']"
16,18572,0.3538846545391325,0.3055555555555556,15,2024-09-24 10:22:55.055684,"['32233', '32235', '32245', '32246', '32249', '32253', '32268', '32271', '32279', '32282']"
17,1104719,0.46970962699091645,0.0,15,2024-09-24 10:22:55.157043,"['32233', '32245', '32246', '32249', '32253', '32268', '32271', '32279', '32282', '32287']"
18,1203323,0.41916209054703196,0.0,15,2024-09-24 10:22:55.261149,"['32233', '32245', '32246', '32249', '32253', '32268', '32271', '32279', '32282', '32287']"
19,77082,0.40980418508931277,0.19444444444444445,15,2024-09-24 10:22:55.364270,"['32229', '32235', '32246', '32253', '32268', '32271', '32272', '32279', '32282', '32287']"
20,883238,0.3844710900510535,0.08333333333333333,20,2024-09-24 10:22:55.593856,"['32215', '32219', '32236', '32249', '32252', '32257', '32259', '32269', '32272', '32287']"
21,1256494,0.41215928850636274,0.027777777777777776,20,2024-09-24 10:22:55.698364,"['32216', '32219', '32225', '32236', '32249', '32252', '32257', '32269', '32272', '32287']"
22,1235960,0.4478948948595942,0.0,20,2024-09-24 10:22:55.798502,"['32215', '32219', '32233', '32236', '32249', '32252', '32257', '32259', '32272', '32287']"
23,765674,0.3395621017073239,0.16666666666666666,20,2024-09-24 10:22:55.897462,"['32215', '32219', '32233', '32234', '32236', '32252', '32257', '32259', '32272', '32287']"
24,1592939,0.3952304449757384,0.027777777777777776,20,2024-09-24 10:22:55.994633,"['32219', '32233', '32234', '32236', '32252', '32257', '32259', '32269', '32272', '32287']"
25,336649,0.3992668302331517,0.0,25,2024-09-24 10:22:56.191447,"['32214', '32226', '32229', '32232', '32234', '32251', '32252', '32261', '32262', '32283']"
26,401371,0.41269656527336657,0.0,25,2024-09-24 10:22:56.290076,"['32214', '32226', '32229', '32232', '32234', '32252', '32261', '32262', '32263', '32283']"
27,1178638,0.34477348138227726,0.027777777777777776,25,2024-09-24 10:22:56.389594,"['32214', '32226', '32232', '32234', '32238', '32252', '32261', '32262', '32263', '32283']"
28,577606,0.47192315523638306,0.1111111111111111,25,2024-09-24 10:22:56.491477,"['32214', '32226', '32229', '32232', '32234', '32251', '32252', '32261', '32262', '32283']"
29,1017845,0.37141446602081624,0.4444444444444444,25,2024-09-24 10:22:56.590948,"['32214', '32226', '32228', '32234', '32238', '32241', '32251', '32252', '32262', '32283']"
30,1215569,0.4308187276080641,0.2222222222222222,30,2024-09-24 10:22:56.800721,"['32217', '32228', '32245', '32247', '32251', '32252', '32263', '32264', '32285', '32287']"
31,1158137,0.37605410832243136,0.08333333333333333,30,2024-09-24 10:22:56.906975,"['32214', '32217', '32245', '32247', '32251', '32252', '32263', '32264', '32285', '32287']"
32,544624,0.4486106513705936,0.027777777777777776,30,2024-09-24 10:22:57.010766,"['32217', '32228', '32245', '32247', '32251', '32252', '32263', '32264', '32285', '32287']"
33,807448,0.4669828440200323,0.027777777777777776,30,2024-09-24 10:22:57.114707,"['32214', '32217', '32220', '32245', '32247', '32251', '32252', '32263', '32264', '32287']"
34,787158,0.34745882145819834,0.1111111111111111,30,2024-09-24 10:22:57.217952,"['32214', '32217', '32245', '32247', '32251', '32252', '32263', '32264', '32285', '32287']"
35,1537970,0.4291955856862712,0.1388888888888889,35,2024-09-24 10:22:57.448787,"['32214', '32220', '32221', '32225', '32231', '32251', '32255', '32260', '32284', '32287']"
36,1579220,0.3704906953840278,0.027777777777777776,35,2024-09-24 10:22:57.553946,"['32214', '32216', '32220', '32231', '32239', '32251', '32260', '32263', '32284', '32287']"
37,1620293,0.3866333458028191,0.1111111111111111,35,2024-09-24 10:22:57.653978,"['32220', '32221', '32225', '32231', '32251', '32255', '32260', '32263', '32284', '32287']"
38,521490,0.36588985278367825,0.0,35,2024-09-24 10:22:57.756548,"['32214', '32216', '32220', '32225', '32231', '32251', '32260', '32263', '32284', '32287']"
39,242612,0.43414686309133577,0.05555555555555555,35,2024-09-24 10:22:57.856641,"['32214', '32220', '32221', '32225', '32231', '32251', '32255', '32260', '32284', '32287']"
40,446266,0.3580891148426899,0.1111111111111111,40,2024-09-24 10:22:58.060904,"['32231', '32239', '32242', '32245', '32248', '32254', '32262', '32263', '32283', '32285']"
41,408419,0.3958079738706466,0.19444444444444445,40,2024-09-24 10:22:58.163950,"['32231', '32239', '32242', '32245', '32248', '32254', '32261', '32262', '32263', '32285']"
42,668190,0.41170836148907614,0.0,40,2024-09-24 10:22:58.264635,"['32228', '32233', '32239', '32245', '32248', '32254', '32261', '32262', '32263', '32285']"
43,702552,0.44358247255299077,0.0,40,2024-09-24 10:22:58.365101,"['32231', '32239', '32242', '32245', '32248', '32254', '32262', '32263', '32283', '32285']"
44,367325,0.42745367536335227,0.08333333333333333,40,2024-09-24 10:22:58.468290,"['32239', '32242', '32245', '32248', '32252', '32254', '32262', '32263', '32283', '32285']"
45,1353833,0.488651149766308,0.0,45,2024-09-24 10:22:58.676988,"['32214', '32230', '32237', '32245', '32247', '32248', '32250', '32263', '32276', '32281']"
46,51644,0.41148802997289374,0.0,45,2024-09-24 10:22:58.780291,"['32214', '32230', '32231', '32237', '32247', '32248', '32250', '32263', '32276', '32281']"
47,1477169,0.41810060209645084,0.0,45,2024-09-24 10:22:58.879244,"['32214', '32237', '32245', '32248', '32250', '32263', '32272', '32276', '32281', '32288']"
48,653939,0.40142715122256234,0.2777777777777778,45,2024-09-24 10:22:58.979583,"['32214', '32231', '32237', '32245', '32247', '32248', '32250', '32263', '32276', '32281']"
49,157152,0.3214528144797345,0.2222222222222222,45,2024-09-24 10:22:59.076032,"['32214', '32231', '32237', '32245', '32248', '32250', '32263', '32272', '32281', '32288']"
50,1089385,0.4028065376460251,0.16666666666666666,50,2024-09-24 10:22:59.279178,"['32216', '32234', '32241', '32245', '32251', '32252', '32262', '32275', '32283', '32288']"
51,1355075,0.4144459556991016,0.05555555555555555,50,2024-09-24 10:22:59.378411,"['32216', '32226', '32234', '32241', '32245', '32251', '32252', '32262', '32283', '32288']"
52,190585,0.4330395507641703,0.0,50,2024-09-24 10:22:59.478415,"['32216', '32234', '32241', '32245', '32251', '32252', '32262', '32275', '32283', '32288']"
53,1610403,0.3894950734422605,0.0,50,2024-09-24 10:22:59.575329,"['32216', '32226', '32234', '32241', '32245', '32251', '32252', '32262', '32283', '32288']"
54,150127,0.3881476879860915,0.027777777777777776,50,2024-09-24 10:22:59.672228,"['32216', '32226', '32234', '32241', '32245', '32251', '32252', '32262', '32283', '32288']"
55,1446821,0.43045039407523605,0.0,55,2024-09-24 10:22:59.877481,"['32214', '32245', '32247', '32250', '32260', '32262', '32264', '32273', '32275', '32283']"
56,1390316,0.41964336054276935,0.3611111111111111,55,2024-09-24 10:22:59.975792,"['32214', '32229', '32234', '32247', '32253', '32262', '32264', '32268', '32275', '32287']"
57,1043225,0.41635317011721745,0.16666666666666666,55,2024-09-24 10:23:00.074561,"['32214', '32245', '32247', '32253', '32262', '32263', '32268', '32275', '32283', '32287']"
58,1056536,0.5209201167156083,0.027777777777777776,55,2024-09-24 10:23:00.171576,"['32214', '32229', '32234', '32247', '32253', '32260', '32262', '32268', '32275', '32287']"
59,1421888,0.4048088960036193,0.0,55,2024-09-24 10:23:00.273538,"['32214', '32245', '32247', '32249', '32260', '32262', '32264', '32273', '32275', '32283']"
60,70042,0.3394713413863984,0.25,60,2024-09-24 10:23:00.478644,"['32229', '32230', '32235', '32245', '32247', '32255', '32260', '32262', '32264', '32278']"
61,130356,0.36935522279513583,0.3888888888888889,60,2024-09-24 10:23:00.581521,"['32229', '32230', '32235', '32247', '32251', '32255', '32260', '32263', '32264', '32278']"
62,464907,0.40875379737911954,0.027777777777777776,60,2024-09-24 10:23:00.685900,"['32229', '32235', '32245', '32247', '32251', '32255', '32260', '32263', '32264', '32278']"
63,1532616,0.3660260903259944,0.1111111111111111,60,2024-09-24 10:23:00.789911,"['32229', '32235', '32247', '32251', '32255', '32256', '32260', '32263', '32264', '32278']"
64,1461551,0.38240255792197747,0.1111111111111111,60,2024-09-24 10:23:00.891706,"['32229', '32235', '32247', '32251', '32255', '32260', '32263', '32264', '32278', '32287']"
65,1586825,0.389494330509806,0.027777777777777776,65,2024-09-24 10:23:01.128567,"['32243', '32247', '32248', '32253', '32256', '32260', '32263', '32266', '32274', '32275']"
66,1214965,0.5683994217708165,0.0,65,2024-09-24 10:23:01.231012,"['32243', '32247', '32248', '32253', '32256', '32260', '32263', '32266', '32274', '32275']"
67,1469133,0.5046159803756559,0.0,65,2024-09-24 10:23:01.330706,"['32243', '32247', '32248', '32253', '32256', '32260', '32263', '32266', '32275', '32287']"
68,142534,0.33963806646885164,0.027777777777777776,65,2024-09-24 10:23:01.428042,"['32243', '32247', '32248', '32253', '32256', '32260', '32263', '32266', '32275', '32287']"
69,1456597,0.3651988230573179,0.027777777777777776,65,2024-09-24 10:23:01.522867,"['32243', '32247', '32248', '32253', '32256', '32260', '32263', '32266', '32275', '32287']"
70,1037477,0.4143943614178964,0.0,70,2024-09-24 10:23:01.726120,"['32225', '32245', '32247', '32251', '32256', '32262', '32263', '32283', '32284', '32287']"
71,744764,0.3540253258369789,0.027777777777777776,70,2024-09-24 10:23:01.825597,"['32225', '32234', '32245', '32251', '32256', '32262', '32263', '32283', '32284', '32287']"
72,1061561,0.45503737638936903,0.1111111111111111,70,2024-09-24 10:23:01.927301,"['32225', '32234', '32251', '32256', '32262', '32263', '32275', '32283', '32284', '32287']"
73,1400544,0.4443594614719211,0.08333333333333333,70,2024-09-24 10:23:02.023701,"['32225', '32234', '32246', '32251', '32252', '32253', '32262', '32275', '32283', '32284']"
74,825813,0.43909821320198783,0.25,70,2024-09-24 10:23:02.123452,"['32225', '32234', '32251', '32253', '32256', '32262', '32263', '32283', '32284', '32287']"
75,585233,0.34354924783179747,0.08333333333333333,75,2024-09-24 10:23:02.329273,"['32227', '32234', '32246', '32247', '32256', '32262', '32278', '32283', '32284', '32287']"
76,1010310,0.45118199646832463,0.027777777777777776,75,2024-09-24 10:23:02.424763,"['32214', '32226', '32229', '32234', '32245', '32246', '32247', '32253', '32284', '32285']"
77,577143,0.32447821242265296,0.3611111111111111,75,2024-09-24 10:23:02.523367,"['32226', '32229', '32234', '32245', '32246', '32247', '32253', '32256', '32262', '32284']"
78,178644,0.4100934454699835,0.16666666666666666,75,2024-09-24 10:23:02.624346,"['32214', '32226', '32229', '32234', '32245', '32246', '32247', '32253', '32284', '32285']"
79,1473550,0.3125340401907874,0.3055555555555556,75,2024-09-24 10:23:02.724542,"['32229', '32234', '32245', '32246', '32247', '32256', '32262', '32278', '32284', '32287']"
80,1255635,0.3629001008865005,0.0,80,2024-09-24 10:23:02.928922,"['32226', '32227', '32246', '32247', '32253', '32257', '32263', '32273', '32283', '32285']"
81,1455597,0.4899105882108272,0.027777777777777776,80,2024-09-24 10:23:03.033135,"['32227', '32247', '32251', '32253', '32263', '32273', '32283', '32285', '32287', '32288']"
82,1614246,0.39535502048516763,0.1111111111111111,80,2024-09-24 10:23:03.132014,"['32227', '32247', '32253', '32256', '32263', '32273', '32283', '32285', '32287', '32288']"
83,43214,0.38351885008184056,0.25,80,2024-09-24 10:23:03.231387,"['32227', '32246', '32247', '32253', '32256', '32273', '32283', '32285', '32287', '32288']"
84,679918,0.35221102391294873,0.1111111111111111,80,2024-09-24 10:23:03.331685,"['32226', '32227', '32246', '32247', '32253', '32257', '32273', '32283', '32285', '32287']"
85,425218,0.4097821222294263,0.1388888888888889,85,2024-09-24 10:23:03.540144,"['32214', '32227', '32228', '32232', '32245', '32250', '32253', '32260', '32263', '32287']"
86,937659,0.363346547562399,0.027777777777777776,85,2024-09-24 10:23:03.640441,"['32214', '32227', '32228', '32232', '32246', '32250', '32253', '32260', '32263', '32287']"
87,292906,0.3620480531123554,0.16666666666666666,85,2024-09-24 10:23:03.744795,"['32214', '32225', '32227', '32228', '32232', '32250', '32253', '32260', '32263', '32287']"
88,1155679,0.4578428163795856,0.19444444444444445,85,2024-09-24 10:23:03.843637,"['32214', '32225', '32227', '32228', '32232', '32250', '32253', '32260', '32263', '32287']"
89,1231269,0.4614266381648472,0.0,85,2024-09-24 10:23:03.949309,"['32214', '32227', '32228', '32232', '32246', '32250', '32253', '32260', '32263', '32287']"
90,1616795,0.32894222428012443,0.027777777777777776,90,2024-09-24 10:23:04.147184,"['32214', '32225', '32229', '32245', '32251', '32258', '32263', '32279', '32283', '32288']"
91,750285,0.3967146293427488,0.0,90,2024-09-24 10:23:04.245145,"['32214', '32225', '32226', '32234', '32256', '32262', '32263', '32281', '32283', '32288']"
92,126757,0.34249892802233217,0.25,90,2024-09-24 10:23:04.344007,"['32214', '32229', '32245', '32246', '32251', '32258', '32263', '32279', '32283', '32288']"
93,1313316,0.3436710398243719,0.19444444444444445,90,2024-09-24 10:23:04.442579,"['32214', '32225', '32226', '32234', '32256', '32262', '32281', '32283', '32287', '32288']"
94,587909,0.3058010589166743,0.2777777777777778,90,2024-09-24 10:23:04.546693,"['32214', '32225', '32229', '32245', '32246', '32263', '32279', '32283', '32285', '32288']"
95,19626,0.4143355851839038,0.08333333333333333,95,2024-09-24 10:23:04.761321,"['32214', '32228', '32246', '32247', '32251', '32253', '32262', '32279', '32285', '32287']"
96,620252,0.3527743417390037,0.08333333333333333,95,2024-09-24 10:23:04.865678,"['32228', '32242', '32247', '32251', '32253', '32262', '32279', '32283', '32285', '32287']"
97,1558024,0.4127950556848921,0.027777777777777776,95,2024-09-24 10:23:04.966911,"['32228', '32235', '32246', '32247', '32251', '32253', '32262', '32279', '32285', '32287']"
98,578061,0.3619865911224811,0.027777777777777776,95,2024-09-24 10:23:05.072249,"['32228', '32242', '32247', '32251', '32253', '32262', '32279', '32283', '32285', '32287']"
99,577900,0.36923855937664374,0.2777777777777778,95,2024-09-24 10:23:05.175981,"['32214', '32226', '32228', '32234', '32245', '32251', '32256', '32279', '32283', '32285']"
100,1477795,0.3619168868536878,0.08333333333333333,100,2024-09-24 10:23:05.386531,"['32225', '32245', '32247', '32251', '32253', '32258', '32259', '32262', '32263', '32287']"
101,960137,0.3261415951654308,0.027777777777777776,100,2024-09-24 10:23:05.495499,"['32225', '32245', '32251', '32253', '32258', '32259', '32263', '32274', '32281', '32287']"
102,897567,0.3646373019893715,0.0,100,2024-09-24 10:23:05.601775,"['32214', '32225', '32245', '32251', '32253', '32259', '32262', '32263', '32275', '32287']"
103,507212,0.5046865419901517,0.0,100,2024-09-24 10:23:05.707233,"['32225', '32228', '32234', '32253', '32259', '32263', '32281', '32283', '32285', '32287']"
104,1555671,0.37862377609448333,0.027777777777777776,100,2024-09-24 10:23:05.816498,"['32225', '32245', '32247', '32251', '32253', '32259', '32262', '32263', '32275', '32287']"
105,638457,0.31191819198114823,0.19444444444444445,105,2024-09-24 10:23:06.055386,"['32214', '32217', '32234', '32235', '32245', '32250', '32251', '32266', '32275', '32285']"
106,91600,0.3404776401490944,0.027777777777777776,105,2024-09-24 10:23:06.157329,"['32217', '32234', '32245', '32247', '32250', '32251', '32253', '32262', '32275', '32285']"
107,1574372,0.34198188137027646,0.027777777777777776,105,2024-09-24 10:23:06.260388,"['32214', '32217', '32234', '32245', '32250', '32251', '32262', '32266', '32275', '32285']"
108,446440,0.37450154310413336,0.3333333333333333,105,2024-09-24 10:23:06.359985,"['32214', '32226', '32247', '32250', '32253', '32262', '32263', '32264', '32285', '32287']"
109,1549204,0.4546528503132292,0.05555555555555555,105,2024-09-24 10:23:06.454490,"['32214', '32217', '32247', '32250', '32251', '32262', '32263', '32264', '32285', '32287']"
110,258354,0.43338532284408243,0.08333333333333333,110,2024-09-24 10:23:06.654299,"['32234', '32241', '32246', '32247', '32253', '32262', '32263', '32274', '32285', '32287']"
111,1588501,0.3446485018444571,0.2777777777777778,110,2024-09-24 10:23:06.749331,"['32234', '32241', '32245', '32246', '32247', '32253', '32262', '32263', '32274', '32287']"
112,812082,0.4017357342032301,0.1111111111111111,110,2024-09-24 10:23:06.847148,"['32234', '32241', '32245', '32246', '32251', '32253', '32263', '32279', '32285', '32287']"
113,493046,0.33288390476255136,0.0,110,2024-09-24 10:23:06.942259,"['32225', '32226', '32241', '32245', '32247', '32263', '32272', '32274', '32283', '32287']"
114,638182,0.41799985039566184,0.05555555555555555,110,2024-09-24 10:23:07.038806,"['32234', '32241', '32246', '32247', '32251', '32253', '32263', '32279', '32285', '32287']"
115,1513731,0.35523955321361167,0.25,115,2024-09-24 10:23:07.248708,"['32214', '32225', '32229', '32231', '32251', '32262', '32263', '32275', '32283', '32285']"
116,1384028,0.3307307557970531,0.027777777777777776,115,2024-09-24 10:23:07.344151,"['32214', '32225', '32226', '32229', '32231', '32251', '32262', '32263', '32283', '32285']"
117,436713,0.3751166971350125,0.0,115,2024-09-24 10:23:07.442026,"['32225', '32229', '32231', '32234', '32245', '32251', '32263', '32275', '32283', '32285']"
118,1233561,0.3676238252829643,0.027777777777777776,115,2024-09-24 10:23:07.540605,"['32225', '32234', '32245', '32246', '32247', '32251', '32253', '32263', '32275', '32283']"
119,1097422,0.3773078089209462,0.2777777777777778,115,2024-09-24 10:23:07.641340,"['32214', '32225', '32229', '32231', '32251', '32262', '32263', '32275', '32283', '32285']"
120,426941,0.39285407882429907,0.2222222222222222,120,2024-09-24 10:23:07.842694,"['32214', '32225', '32246', '32247', '32252', '32253', '32262', '32263', '32272', '32274']"
121,1605991,0.2783787892129386,0.3611111111111111,120,2024-09-24 10:23:07.938042,"['32214', '32225', '32226', '32234', '32247', '32251', '32252', '32263', '32275', '32287']"
122,508969,0.3324986045164079,0.08333333333333333,120,2024-09-24 10:23:08.040368,"['32225', '32229', '32245', '32246', '32247', '32252', '32262', '32263', '32272', '32274']"
123,1066279,0.3345392238414728,0.3333333333333333,120,2024-09-24 10:23:08.145784,"['32214', '32225', '32226', '32229', '32234', '32247', '32251', '32263', '32275', '32276']"
124,1064753,0.2520017168665278,0.19444444444444445,120,2024-09-24 10:23:08.248257,"['32214', '32225', '32246', '32247', '32252', '32253', '32262', '32263', '32272', '32274']"
125,1465304,0.36719296017221503,0.19444444444444445,125,2024-09-24 10:23:08.457674,"['32214', '32225', '32245', '32246', '32247', '32251', '32253', '32264', '32274', '32275']"
126,1411148,0.3171982513189373,0.25,125,2024-09-24 10:23:08.562871,"['32214', '32225', '32245', '32246', '32247', '32251', '32253', '32262', '32274', '32275']"
127,1588874,0.3811219321959837,0.25,125,2024-09-24 10:23:08.665787,"['32225', '32226', '32234', '32245', '32246', '32247', '32251', '32253', '32262', '32274']"
128,941120,0.3905760035680633,0.2777777777777778,125,2024-09-24 10:23:08.770136,"['32225', '32226', '32234', '32246', '32247', '32253', '32262', '32271', '32274', '32287']"
129,318608,0.4139973126257104,0.027777777777777776,125,2024-09-24 10:23:08.875814,"['32214', '32225', '32234', '32245', '32246', '32247', '32251', '32253', '32274', '32275']"
130,916243,0.35567781314192987,0.1111111111111111,130,2024-09-24 10:23:09.091619,"['32226', '32229', '32230', '32243', '32245', '32247', '32248', '32253', '32263', '32274']"
131,1428260,0.3741374438834415,0.16666666666666666,130,2024-09-24 10:23:09.195271,"['32214', '32226', '32229', '32230', '32245', '32247', '32248', '32251', '32263', '32274']"
132,130109,0.30265922294481495,0.05555555555555555,130,2024-09-24 10:23:09.301838,"['32214', '32226', '32230', '32245', '32247', '32248', '32251', '32253', '32262', '32263']"
133,1126570,0.45026362418260607,0.2777777777777778,130,2024-09-24 10:23:09.405554,"['32226', '32229', '32230', '32245', '32247', '32248', '32251', '32253', '32274', '32283']"
134,1261055,0.2917430220784592,0.16666666666666666,130,2024-09-24 10:23:09.502282,"['32214', '32226', '32230', '32245', '32247', '32248', '32251', '32253', '32262', '32263']"
135,701630,0.32458583193787277,0.05555555555555555,135,2024-09-24 10:23:09.712188,"['32214', '32221', '32247', '32251', '32253', '32262', '32263', '32274', '32283', '32285']"
136,971696,0.3540864738329992,0.1388888888888889,135,2024-09-24 10:23:09.807197,"['32214', '32221', '32225', '32245', '32251', '32253', '32262', '32263', '32264', '32274']"
137,1075288,0.29672812271933613,0.1388888888888889,135,2024-09-24 10:23:09.906888,"['32214', '32221', '32225', '32245', '32253', '32262', '32263', '32264', '32274', '32275']"
138,267475,0.42427214914786604,0.027777777777777776,135,2024-09-24 10:23:10.003605,"['32214', '32225', '32234', '32247', '32251', '32253', '32262', '32264', '32274', '32285']"
139,611025,0.36440953208510996,0.3611111111111111,135,2024-09-24 10:23:10.103585,"['32214', '32221', '32225', '32245', '32251', '32253', '32262', '32263', '32264', '32274']"
140,914095,0.43875161910717786,0.0,140,2024-09-24 10:23:10.304596,"['32214', '32246', '32247', '32251', '32253', '32259', '32262', '32263', '32264', '32274']"
141,400969,0.3713657695015969,0.19444444444444445,140,2024-09-24 10:23:10.400147,"['32214', '32245', '32253', '32259', '32262', '32263', '32264', '32271', '32274', '32285']"
142,1431844,0.4181035390844096,0.027777777777777776,140,2024-09-24 10:23:10.498491,"['32214', '32226', '32245', '32246', '32251', '32253', '32262', '32271', '32274', '32285']"
143,1362568,0.2959935277468753,0.027777777777777776,140,2024-09-24 10:23:10.597784,"['32214', '32230', '32243', '32246', '32247', '32251', '32259', '32263', '32264', '32274']"
144,239564,0.3870195429591005,0.1388888888888889,140,2024-09-24 10:23:10.694424,"['32214', '32226', '32234', '32245', '32253', '32262', '32271', '32274', '32285', '32287']"
145,995183,0.2885042357541933,0.19444444444444445,145,2024-09-24 10:23:10.900997,"['32214', '32221', '32226', '32245', '32246', '32262', '32264', '32280', '32287', '32288']"
146,1417485,0.46965527287882425,0.0,145,2024-09-24 10:23:11.000340,"['32214', '32221', '32226', '32234', '32245', '32246', '32262', '32264', '32287', '32288']"
147,1562890,0.39691379555236145,0.1388888888888889,145,2024-09-24 10:23:11.096293,"['32214', '32221', '32226', '32246', '32247', '32262', '32264', '32280', '32287', '32288']"
148,757649,0.49159592335605745,0.05555555555555555,145,2024-09-24 10:23:11.194103,"['32221', '32234', '32245', '32246', '32251', '32253', '32262', '32264', '32287', '32288']"
149,357360,0.3989370576006735,0.3055555555555556,145,2024-09-24 10:23:11.290430,"['32214', '32221', '32226', '32234', '32246', '32251', '32262', '32264', '32287', '32288']"
150,1542465,0.3659036871278701,0.05555555555555555,150,2024-09-24 10:23:11.495007,"['32214', '32221', '32226', '32228', '32244', '32245', '32247', '32258', '32270', '32275']"
151,79171,0.47064272402582197,0.08333333333333333,150,2024-09-24 10:23:11.597110,"['32214', '32221', '32226', '32228', '32244', '32245', '32247', '32251', '32258', '32275']"
152,1122307,0.48410521181505867,0.0,150,2024-09-24 10:23:11.695316,"['32214', '32221', '32228', '32234', '32244', '32246', '32247', '32251', '32262', '32275']"
153,544194,0.31024853382395606,0.3055555555555556,150,2024-09-24 10:23:11.797740,"['32221', '32228', '32234', '32244', '32245', '32247', '32258', '32262', '32263', '32275']"
154,558353,0.31044035296954453,0.4444444444444444,150,2024-09-24 10:23:11.896567,"['32221', '32228', '32244', '32245', '32247', '32251', '32258', '32262', '32263', '32275']"
155,1315680,0.417015544837281,0.25,155,2024-09-24 10:23:12.105833,"['32235', '32245', '32246', '32247', '32251', '32261', '32262', '32263', '32270', '32275']"
156,1474064,0.33386250134174406,0.25,155,2024-09-24 10:23:12.200889,"['32214', '32226', '32234', '32245', '32246', '32261', '32263', '32270', '32272', '32274']"
157,628864,0.324106178866149,0.1111111111111111,155,2024-09-24 10:23:12.298062,"['32214', '32226', '32243', '32245', '32246', '32261', '32270', '32272', '32274', '32280']"
158,513354,0.33426065475111844,0.1111111111111111,155,2024-09-24 10:23:12.395776,"['32226', '32243', '32245', '32246', '32261', '32270', '32272', '32274', '32280', '32286']"
159,152963,0.3837005651001489,0.2777777777777778,155,2024-09-24 10:23:12.499436,"['32226', '32234', '32235', '32245', '32246', '32261', '32262', '32270', '32272', '32274']"
160,382896,0.27071916443253286,0.25,160,2024-09-24 10:23:12.702210,"['32225', '32226', '32228', '32243', '32258', '32262', '32263', '32274', '32275', '32287']"
161,1523835,0.33594455799738004,0.3333333333333333,160,2024-09-24 10:23:12.802738,"['32226', '32234', '32245', '32247', '32256', '32258', '32262', '32263', '32275', '32287']"
162,263493,0.5083696460207104,0.0,160,2024-09-24 10:23:12.926559,"['32221', '32226', '32245', '32246', '32253', '32256', '32258', '32262', '32263', '32287']"
163,1048075,0.40933012151075776,0.027777777777777776,160,2024-09-24 10:23:13.025367,"['32214', '32221', '32226', '32234', '32246', '32253', '32256', '32262', '32263', '32287']"
164,332089,0.5045018984374572,0.0,160,2024-09-24 10:23:13.126369,"['32221', '32226', '32234', '32246', '32253', '32256', '32258', '32262', '32263', '32287']"
165,1089060,0.35137528484296304,0.0,165,2024-09-24 10:23:13.332758,"['32221', '32226', '32228', '32242', '32247', '32258', '32263', '32274', '32275', '32287']"
166,340274,0.3032988189899179,0.027777777777777776,165,2024-09-24 10:23:13.434605,"['32214', '32221', '32226', '32228', '32235', '32242', '32247', '32258', '32263', '32274']"
167,1105742,0.30387326915646995,0.08333333333333333,165,2024-09-24 10:23:13.537681,"['32221', '32226', '32228', '32235', '32242', '32247', '32258', '32263', '32274', '32282']"
168,881734,0.3429063726418086,0.3888888888888889,165,2024-09-24 10:23:13.636042,"['32221', '32226', '32228', '32242', '32247', '32258', '32263', '32274', '32275', '32287']"
169,435975,0.3875594988948494,0.25,165,2024-09-24 10:23:13.732663,"['32226', '32228', '32234', '32245', '32246', '32253', '32274', '32275', '32285', '32287']"
170,52660,0.3934522829826639,0.1388888888888889,170,2024-09-24 10:23:13.931176,"['32214', '32221', '32234', '32246', '32251', '32262', '32263', '32275', '32278', '32286']"
171,2390,0.382870722512331,0.1388888888888889,170,2024-09-24 10:23:14.031390,"['32214', '32221', '32228', '32234', '32245', '32263', '32275', '32278', '32286', '32287']"
172,998010,0.34372934568121766,0.2222222222222222,170,2024-09-24 10:23:14.125477,"['32214', '32221', '32226', '32234', '32246', '32247', '32275', '32278', '32286', '32287']"
173,1497440,0.2830244954541016,0.1111111111111111,170,2024-09-24 10:23:14.222666,"['32221', '32237', '32251', '32262', '32263', '32266', '32270', '32275', '32278', '32286']"
174,1287223,0.331358802376607,0.0,170,2024-09-24 10:23:14.318403,"['32237', '32243', '32251', '32262', '32263', '32266', '32270', '32275', '32278', '32286']"
175,1508254,0.376467994253021,0.0,175,2024-09-24 10:23:14.527628,"['32214', '32226', '32243', '32251', '32255', '32262', '32275', '32283', '32284', '32286']"
176,774585,0.44213523765605817,0.0,175,2024-09-24 10:23:14.623137,"['32226', '32234', '32247', '32255', '32256', '32263', '32274', '32275', '32284', '32287']"
177,975521,0.3270366258950543,0.08333333333333333,175,2024-09-24 10:23:14.725632,"['32226', '32228', '32243', '32251', '32255', '32262', '32275', '32283', '32284', '32286']"
178,1406014,0.46004820456197737,0.0,175,2024-09-24 10:23:14.826766,"['32226', '32234', '32247', '32255', '32256', '32263', '32274', '32275', '32284', '32287']"
179,940247,0.3384429945362478,0.1388888888888889,175,2024-09-24 10:23:14.928861,"['32214', '32226', '32228', '32246', '32251', '32255', '32262', '32263', '32275', '32284']"
180,1142062,0.40083614936870743,0.0,180,2024-09-24 10:23:15.141405,"['32221', '32222', '32226', '32236', '32243', '32246', '32248', '32255', '32262', '32284']"
181,408342,0.28789278186018724,0.1388888888888889,180,2024-09-24 10:23:15.244025,"['32221', '32226', '32236', '32243', '32246', '32248', '32255', '32262', '32275', '32284']"
182,1550995,0.355795230308557,0.3611111111111111,180,2024-09-24 10:23:15.342074,"['32221', '32226', '32236', '32243', '32246', '32248', '32255', '32262', '32263', '32284']"
183,1144517,0.407151949481239,0.16666666666666666,180,2024-09-24 10:23:15.445989,"['32214', '32228', '32234', '32245', '32246', '32251', '32263', '32274', '32285', '32287']"
184,1455207,0.41466526676118304,0.0,180,2024-09-24 10:23:15.543805,"['32221', '32226', '32234', '32246', '32247', '32248', '32251', '32262', '32275', '32285']"
185,1112785,0.39435391525377383,0.1388888888888889,185,2024-09-24 10:23:15.748047,"['32222', '32226', '32229', '32234', '32236', '32245', '32262', '32274', '32282', '32286']"
186,1399223,0.329746963195206,0.16666666666666666,185,2024-09-24 10:23:15.850818,"['32214', '32221', '32222', '32229', '32234', '32245', '32247', '32251', '32274', '32282']"
187,1449499,0.3128117607150345,0.2777777777777778,185,2024-09-24 10:23:15.951567,"['32214', '32222', '32226', '32229', '32236', '32245', '32262', '32282', '32283', '32286']"
188,1304116,0.3171603200643607,0.3333333333333333,185,2024-09-24 10:23:16.049611,"['32221', '32222', '32228', '32229', '32234', '32245', '32246', '32247', '32251', '32274']"
189,1448209,0.32973652479701776,0.19444444444444445,185,2024-09-24 10:23:16.144250,"['32214', '32222', '32226', '32229', '32236', '32245', '32262', '32282', '32283', '32286']"
190,890349,0.329599235488683,0.027777777777777776,190,2024-09-24 10:23:16.347733,"['32214', '32224', '32225', '32226', '32243', '32245', '32253', '32274', '32275', '32280']"
191,1023074,0.38709399661936006,0.1388888888888889,190,2024-09-24 10:23:16.442671,"['32214', '32224', '32226', '32243', '32245', '32247', '32253', '32274', '32275', '32280']"
192,1226893,0.34443467196977884,0.2222222222222222,190,2024-09-24 10:23:16.542406,"['32214', '32226', '32243', '32245', '32247', '32253', '32262', '32274', '32275', '32280']"
193,1393635,0.2830472566609122,0.4722222222222222,190,2024-09-24 10:23:16.639543,"['32214', '32226', '32228', '32234', '32245', '32246', '32247', '32253', '32262', '32274']"
194,633889,0.4261501082473568,0.05555555555555555,190,2024-09-24 10:23:16.734290,"['32214', '32224', '32226', '32243', '32245', '32247', '32253', '32274', '32275', '32280']"
195,992676,0.28672544249881166,0.19444444444444445,195,2024-09-24 10:23:16.930104,"['32222', '32225', '32226', '32229', '32236', '32242', '32243', '32251', '32262', '32286']"
196,852532,0.352311976121851,0.16666666666666666,195,2024-09-24 10:23:17.035479,"['32221', '32226', '32228', '32229', '32236', '32245', '32247', '32253', '32262', '32275']"
197,788750,0.3202511928344408,0.1111111111111111,195,2024-09-24 10:23:17.133781,"['32222', '32226', '32229', '32236', '32242', '32243', '32251', '32262', '32271', '32286']"
198,1074563,0.3392335888879823,0.1388888888888889,195,2024-09-24 10:23:17.236459,"['32222', '32226', '32229', '32236', '32242', '32243', '32251', '32262', '32271', '32286']"
199,1654501,0.461919776233436,0.0,195,2024-09-24 10:23:17.365426,"['32221', '32222', '32226', '32228', '32229', '32234', '32236', '32245', '32262', '32275']"
200,1542732,0.5222886509226,0.0,200,2024-09-24 10:23:17.567331,"['32221', '32226', '32228', '32234', '32245', '32246', '32251', '32253', '32275', '32287']"
201,1481942,0.431905134965353,0.05555555555555555,200,2024-09-24 10:23:17.665847,"['32221', '32226', '32234', '32245', '32246', '32247', '32251', '32253', '32274', '32275']"
202,568913,0.31732586374449495,0.3611111111111111,200,2024-09-24 10:23:17.760706,"['32214', '32221', '32226', '32234', '32246', '32251', '32252', '32262', '32274', '32275']"
203,1488552,0.301007302557735,0.4722222222222222,200,2024-09-24 10:23:17.861954,"['32221', '32226', '32228', '32234', '32245', '32247', '32251', '32253', '32275', '32287']"
204,492228,0.24279654636704534,0.3055555555555556,200,2024-09-24 10:23:17.959041,"['32214', '32221', '32226', '32235', '32246', '32251', '32252', '32262', '32274', '32275']"
205,800111,0.21263502945729293,0.5277777777777778,205,2024-09-24 10:23:18.180930,"['32214', '32221', '32226', '32242', '32243', '32251', '32262', '32274', '32275', '32286']"
206,707002,0.33303779735904027,0.2222222222222222,205,2024-09-24 10:23:18.277390,"['32221', '32242', '32245', '32246', '32247', '32251', '32262', '32274', '32275', '32286']"
207,527153,0.397704980409015,0.027777777777777776,205,2024-09-24 10:23:18.402089,"['32214', '32221', '32242', '32245', '32247', '32251', '32253', '32262', '32274', '32286']"
208,1271978,0.44372327016311386,0.0,205,2024-09-24 10:23:18.499327,"['32221', '32242', '32245', '32246', '32247', '32251', '32253', '32274', '32285', '32286']"
209,1547051,0.3387245973081922,0.2222222222222222,205,2024-09-24 10:23:18.596233,"['32221', '32226', '32242', '32245', '32246', '32251', '32262', '32274', '32275', '32286']"
210,811750,0.4134759624837025,0.0,210,2024-09-24 10:23:18.807726,"['32221', '32225', '32243', '32245', '32246', '32251', '32262', '32263', '32275', '32282']"
211,202985,0.39098606820725207,0.19444444444444445,210,2024-09-24 10:23:18.905581,"['32221', '32225', '32243', '32245', '32246', '32262', '32263', '32274', '32275', '32282']"
212,797654,0.3873904923972295,0.16666666666666666,210,2024-09-24 10:23:19.004407,"['32214', '32221', '32225', '32226', '32243', '32246', '32262', '32263', '32270', '32282']"
213,838746,0.5114445958796636,0.0,210,2024-09-24 10:23:19.102378,"['32221', '32225', '32226', '32246', '32247', '32251', '32262', '32263', '32275', '32282']"
214,400435,0.39082936603554114,0.027777777777777776,210,2024-09-24 10:23:19.197997,"['32221', '32225', '32226', '32247', '32251', '32253', '32262', '32263', '32275', '32287']"
215,1311495,0.30562710756835587,0.2777777777777778,215,2024-09-24 10:23:19.413737,"['32214', '32226', '32234', '32243', '32251', '32262', '32263', '32264', '32275', '32286']"
216,1074411,0.413925554169137,0.16666666666666666,215,2024-09-24 10:23:19.511310,"['32226', '32228', '32234', '32245', '32247', '32251', '32262', '32263', '32275', '32287']"
217,1168679,0.48539323720347766,0.027777777777777776,215,2024-09-24 10:23:19.611439,"['32221', '32226', '32245', '32247', '32251', '32253', '32262', '32279', '32285', '32287']"
218,522727,0.5683494010820782,0.0,215,2024-09-24 10:23:19.707627,"['32221', '32226', '32229', '32245', '32246', '32247', '32263', '32275', '32285', '32287']"
219,1496048,0.3034970202408657,0.2777777777777778,215,2024-09-24 10:23:19.806250,"['32214', '32226', '32234', '32243', '32246', '32251', '32263', '32264', '32275', '32286']"
220,1562234,0.3707927266130974,0.0,220,2024-09-24 10:23:20.018389,"['32226', '32229', '32239', '32243', '32251', '32262', '32274', '32280', '32281', '32286']"
221,573148,0.34680166817138103,0.19444444444444445,220,2024-09-24 10:23:20.119327,"['32221', '32226', '32228', '32229', '32239', '32245', '32247', '32253', '32275', '32280']"
222,946786,0.41296300118476437,0.027777777777777776,220,2024-09-24 10:23:20.216304,"['32214', '32225', '32226', '32228', '32229', '32245', '32251', '32263', '32275', '32280']"
223,902741,0.3217839707537311,0.16666666666666666,220,2024-09-24 10:23:20.313536,"['32226', '32229', '32234', '32243', '32247', '32251', '32262', '32274', '32280', '32281']"
224,1529457,0.31795777876062553,0.0,220,2024-09-24 10:23:20.411405,"['32226', '32239', '32243', '32251', '32262', '32263', '32274', '32280', '32281', '32286']"
225,1544711,0.34519050505588056,0.1111111111111111,225,2024-09-24 10:23:20.623141,"['32214', '32234', '32243', '32246', '32262', '32263', '32274', '32279', '32282', '32286']"
226,418304,0.33627968611493625,0.1111111111111111,225,2024-09-24 10:23:20.722227,"['32229', '32234', '32245', '32246', '32262', '32263', '32274', '32279', '32282', '32286']"
227,1048089,0.31552671563693174,0.2222222222222222,225,2024-09-24 10:23:20.826216,"['32214', '32221', '32228', '32231', '32234', '32246', '32247', '32253', '32275', '32279']"
228,859751,0.3073894945122987,0.08333333333333333,225,2024-09-24 10:23:20.925296,"['32214', '32221', '32229', '32234', '32246', '32262', '32263', '32274', '32279', '32286']"
229,893135,0.40047288696629907,0.08333333333333333,225,2024-09-24 10:23:21.025435,"['32226', '32228', '32229', '32236', '32246', '32247', '32251', '32257', '32273', '32279']"
230,1093387,0.5268144100130594,0.0,230,2024-09-24 10:23:21.249250,"['32225', '32228', '32229', '32251', '32253', '32256', '32274', '32275', '32282', '32285']"
231,1045139,0.2943740185333086,0.25,230,2024-09-24 10:23:21.369896,"['32225', '32226', '32234', '32262', '32263', '32264', '32266', '32274', '32275', '32286']"
232,109758,0.4928766793660312,0.0,230,2024-09-24 10:23:21.470664,"['32225', '32226', '32228', '32229', '32243', '32256', '32263', '32264', '32275', '32285']"
233,1439719,0.35906038699221365,0.3333333333333333,230,2024-09-24 10:23:21.569925,"['32225', '32226', '32229', '32234', '32245', '32262', '32263', '32264', '32274', '32275']"
234,855430,0.2837974355138493,0.1388888888888889,230,2024-09-24 10:23:21.669843,"['32225', '32226', '32229', '32251', '32263', '32264', '32274', '32275', '32282', '32285']"
235,202959,0.375844577897082,0.027777777777777776,235,2024-09-24 10:23:21.876805,"['32221', '32226', '32228', '32234', '32243', '32256', '32262', '32263', '32275', '32287']"
236,1149758,0.28286080356055104,0.3055555555555556,235,2024-09-24 10:23:21.975295,"['32221', '32226', '32228', '32234', '32243', '32245', '32256', '32263', '32275', '32287']"
237,897289,0.35577934051723226,0.19444444444444445,235,2024-09-24 10:23:22.071893,"['32214', '32226', '32236', '32243', '32245', '32247', '32256', '32263', '32285', '32287']"
238,1501223,0.37871911454310664,0.2222222222222222,235,2024-09-24 10:23:22.172549,"['32214', '32243', '32245', '32247', '32251', '32253', '32256', '32263', '32287', '32288']"
239,344228,0.5661481632352069,0.0,235,2024-09-24 10:23:22.269697,"['32229', '32243', '32245', '32247', '32251', '32253', '32256', '32263', '32287', '32288']"
240,159180,0.33595067158448894,0.1111111111111111,240,2024-09-24 10:23:22.469728,"['32214', '32228', '32229', '32236', '32251', '32262', '32263', '32274', '32287', '32288']"
241,1257821,0.29173752126296176,0.3611111111111111,240,2024-09-24 10:23:22.564955,"['32214', '32236', '32247', '32251', '32262', '32263', '32275', '32284', '32287', '32288']"
242,1455593,0.5508342977123638,0.0,240,2024-09-24 10:23:22.662730,"['32221', '32251', '32253', '32256', '32263', '32275', '32284', '32285', '32287', '32288']"
243,1338001,0.2984114615984672,0.16666666666666666,240,2024-09-24 10:23:22.757045,"['32229', '32234', '32236', '32245', '32246', '32247', '32251', '32284', '32287', '32288']"
244,733556,0.35230843665178446,0.3888888888888889,240,2024-09-24 10:23:22.852950,"['32229', '32236', '32245', '32246', '32247', '32251', '32253', '32262', '32287', '32288']"
245,1352297,0.47341455021861484,0.027777777777777776,245,2024-09-24 10:23:23.064098,"['32221', '32225', '32226', '32236', '32245', '32246', '32247', '32263', '32274', '32281']"
246,1040933,0.39832437024469824,0.1388888888888889,245,2024-09-24 10:23:23.167169,"['32221', '32225', '32226', '32236', '32245', '32246', '32247', '32256', '32263', '32274']"
247,1446981,0.3612167359983116,0.027777777777777776,245,2024-09-24 10:23:23.263592,"['32221', '32225', '32226', '32234', '32236', '32245', '32247', '32263', '32274', '32281']"
248,1296317,0.4217387875250745,0.1111111111111111,245,2024-09-24 10:23:23.365554,"['32221', '32225', '32226', '32234', '32236', '32246', '32247', '32251', '32253', '32263']"
249,181416,0.5050473471655136,0.0,245,2024-09-24 10:23:23.461421,"['32221', '32226', '32236', '32246', '32247', '32251', '32253', '32256', '32263', '32286']"
250,311536,0.3236781933628928,0.16666666666666666,250,2024-09-24 10:23:23.660112,"['32214', '32226', '32228', '32234', '32245', '32246', '32262', '32263', '32274', '32275']"
251,206638,0.2630778049136739,0.05555555555555555,250,2024-09-24 10:23:23.754292,"['32219', '32226', '32243', '32246', '32249', '32262', '32263', '32266', '32274', '32275']"
252,122562,0.3451583780757659,0.1388888888888889,250,2024-09-24 10:23:23.849646,"['32221', '32226', '32228', '32234', '32236', '32246', '32247', '32262', '32263', '32281']"
253,1560512,0.4209801215822615,0.0,250,2024-09-24 10:23:23.946243,"['32225', '32228', '32229', '32236', '32246', '32247', '32251', '32253', '32256', '32281']"
254,1389080,0.3868224036594743,0.05555555555555555,250,2024-09-24 10:23:24.044042,"['32214', '32226', '32243', '32245', '32246', '32262', '32263', '32274', '32275', '32281']"
255,723621,0.30534284237056886,0.19444444444444445,255,2024-09-24 10:23:24.240738,"['32228', '32231', '32234', '32236', '32243', '32246', '32263', '32270', '32274', '32275']"
256,1165306,0.24795231415001318,0.25,255,2024-09-24 10:23:24.333814,"['32214', '32228', '32243', '32249', '32251', '32262', '32263', '32270', '32274', '32275']"
257,193751,0.3080792273942463,0.16666666666666666,255,2024-09-24 10:23:24.431278,"['32214', '32234', '32243', '32245', '32251', '32263', '32270', '32274', '32275', '32286']"
258,1601857,0.3162693219516823,0.4166666666666667,255,2024-09-24 10:23:24.523825,"['32214', '32228', '32231', '32236', '32243', '32246', '32263', '32270', '32274', '32275']"
259,143490,0.3363706541115752,0.2777777777777778,255,2024-09-24 10:23:24.620282,"['32214', '32228', '32236', '32243', '32246', '32263', '32270', '32274', '32275', '32286']"
260,966140,0.30448088256990763,0.16666666666666666,260,2024-09-24 10:23:24.819883,"['32228', '32234', '32243', '32245', '32246', '32251', '32263', '32275', '32285', '32288']"
261,1033413,0.41458648594759184,0.0,260,2024-09-24 10:23:24.913866,"['32214', '32226', '32236', '32245', '32247', '32249', '32256', '32263', '32270', '32288']"
262,928676,0.36512101130288616,0.3055555555555556,260,2024-09-24 10:23:25.010121,"['32228', '32234', '32243', '32245', '32246', '32251', '32262', '32275', '32285', '32288']"
263,38641,0.3323619469608297,0.2777777777777778,260,2024-09-24 10:23:25.104947,"['32225', '32236', '32245', '32246', '32247', '32251', '32253', '32256', '32280', '32288']"
264,1202268,0.44164924526841337,0.0,260,2024-09-24 10:23:25.201482,"['32228', '32234', '32236', '32243', '32245', '32246', '32247', '32251', '32285', '32288']"
265,86788,0.35016512679908773,0.027777777777777776,265,2024-09-24 10:23:25.405493,"['32214', '32221', '32243', '32249', '32251', '32262', '32270', '32277', '32281', '32286']"
266,1344310,0.2914146208784947,0.3888888888888889,265,2024-09-24 10:23:25.500028,"['32214', '32221', '32234', '32236', '32247', '32251', '32263', '32270', '32274', '32275']"
267,820840,0.4016843143543711,0.0,265,2024-09-24 10:23:25.594828,"['32214', '32221', '32228', '32246', '32247', '32251', '32253', '32263', '32270', '32285']"
268,434963,0.4057740127144741,0.08333333333333333,265,2024-09-24 10:23:25.688936,"['32214', '32221', '32228', '32236', '32245', '32247', '32251', '32253', '32274', '32285']"
269,1109590,0.2925357397329654,0.4166666666666667,265,2024-09-24 10:23:25.783262,"['32214', '32221', '32234', '32236', '32243', '32247', '32262', '32270', '32274', '32281']"
270,409796,0.4556361638340213,0.0,270,2024-09-24 10:23:25.980324,"['32219', '32221', '32226', '32245', '32246', '32253', '32263', '32270', '32280', '32287']"
271,146435,0.2791122084827853,0.05555555555555555,270,2024-09-24 10:23:26.075225,"['32219', '32221', '32226', '32228', '32236', '32245', '32247', '32251', '32263', '32280']"
272,218341,0.37355873276840695,0.3055555555555556,270,2024-09-24 10:23:26.168598,"['32219', '32221', '32226', '32245', '32253', '32263', '32270', '32280', '32287', '32288']"
273,397332,0.2843090510478168,0.3888888888888889,270,2024-09-24 10:23:26.261779,"['32214', '32219', '32228', '32234', '32236', '32243', '32245', '32247', '32262', '32275']"
274,531824,0.3180760986791097,0.08333333333333333,270,2024-09-24 10:23:26.355729,"['32214', '32219', '32221', '32228', '32234', '32236', '32243', '32245', '32251', '32263']"
275,486458,0.4114077953733035,0.1388888888888889,275,2024-09-24 10:23:26.626833,"['32214', '32221', '32226', '32245', '32246', '32247', '32251', '32262', '32270', '32284']"
276,364253,0.3072232938119206,0.3055555555555556,275,2024-09-24 10:23:26.718875,"['32214', '32221', '32228', '32245', '32246', '32247', '32251', '32262', '32270', '32284']"
277,913751,0.42834315131638284,0.08333333333333333,275,2024-09-24 10:23:26.812906,"['32214', '32221', '32228', '32245', '32246', '32247', '32249', '32251', '32270', '32284']"
278,1593953,0.3119979317922442,0.027777777777777776,275,2024-09-24 10:23:26.908817,"['32214', '32219', '32243', '32249', '32251', '32270', '32274', '32275', '32284', '32286']"
279,948538,0.2720651061350523,0.08333333333333333,275,2024-09-24 10:23:27.006992,"['32214', '32219', '32234', '32243', '32249', '32259', '32274', '32275', '32284', '32286']"
280,294627,0.3614499096168769,0.1388888888888889,280,2024-09-24 10:23:27.212203,"['32221', '32234', '32245', '32247', '32251', '32262', '32270', '32274', '32275', '32286']"
281,1388011,0.28842774719359937,0.25,280,2024-09-24 10:23:27.306694,"['32214', '32228', '32236', '32245', '32247', '32251', '32264', '32283', '32285', '32286']"
282,1562457,0.4700663337346832,0.0,280,2024-09-24 10:23:27.397871,"['32226', '32236', '32245', '32249', '32263', '32264', '32270', '32281', '32285', '32287']"
283,1472724,0.39667021024358334,0.25,280,2024-09-24 10:23:27.493089,"['32214', '32228', '32245', '32247', '32251', '32264', '32275', '32283', '32285', '32286']"
284,798462,0.40799897323257955,0.16666666666666666,280,2024-09-24 10:23:27.587567,"['32214', '32226', '32228', '32236', '32245', '32249', '32264', '32270', '32285', '32287']"
285,1441405,0.4316166458537408,0.05555555555555555,285,2024-09-24 10:23:27.794098,"['32214', '32219', '32221', '32226', '32228', '32236', '32246', '32247', '32251', '32285']"
286,1269525,0.37051610026074405,0.0,285,2024-09-24 10:23:27.888457,"['32214', '32226', '32234', '32243', '32245', '32247', '32262', '32263', '32274', '32286']"
287,1485396,0.5589727540060857,0.0,285,2024-09-24 10:23:27.981172,"['32214', '32219', '32221', '32226', '32229', '32235', '32236', '32247', '32270', '32287']"
288,1645385,0.4012191607510054,0.05555555555555555,285,2024-09-24 10:23:28.075790,"['32219', '32221', '32226', '32228', '32229', '32236', '32246', '32247', '32270', '32287']"
289,669580,0.44441605747373536,0.1111111111111111,285,2024-09-24 10:23:28.170012,"['32214', '32219', '32225', '32226', '32228', '32234', '32236', '32243', '32247', '32263']"
290,1150765,0.3689248295282225,0.1111111111111111,290,2024-09-24 10:23:28.377895,"['32214', '32219', '32226', '32228', '32246', '32247', '32263', '32270', '32281', '32287']"
291,810581,0.28267245308175415,0.0,290,2024-09-24 10:23:28.471545,"['32214', '32219', '32226', '32228', '32242', '32249', '32262', '32263', '32274', '32286']"
292,1280507,0.3688735288239994,0.027777777777777776,290,2024-09-24 10:23:28.566190,"['32221', '32228', '32234', '32236', '32243', '32245', '32246', '32251', '32270', '32281']"
293,415490,0.4732256475093883,0.0,290,2024-09-24 10:23:28.659235,"['32226', '32228', '32231', '32242', '32246', '32256', '32270', '32279', '32285', '32287']"
294,1220897,0.3956600645659573,0.16666666666666666,290,2024-09-24 10:23:28.751429,"['32228', '32234', '32236', '32246', '32247', '32270', '32279', '32281', '32286', '32287']"
295,377546,0.3680496535648398,0.16666666666666666,295,2024-09-24 10:23:28.956696,"['32214', '32221', '32228', '32236', '32247', '32251', '32263', '32275', '32282', '32285']"
296,1065613,0.31513615723352595,0.3055555555555556,295,2024-09-24 10:23:29.054584,"['32214', '32221', '32226', '32236', '32245', '32247', '32251', '32263', '32275', '32282']"
297,295370,0.25529327871186125,0.08333333333333333,295,2024-09-24 10:23:29.151398,"['32219', '32226', '32249', '32262', '32263', '32270', '32274', '32275', '32282', '32286']"
298,107868,0.4286153873858414,0.0,295,2024-09-24 10:23:29.246003,"['32214', '32226', '32236', '32246', '32247', '32263', '32275', '32282', '32285', '32287']"
299,58917,0.47387272165587696,0.0,295,2024-09-24 10:23:29.340373,"['32214', '32221', '32226', '32236', '32246', '32247', '32263', '32275', '32282', '32285']"
300,1627837,0.317017387867859,0.3888888888888889,300,2024-09-24 10:23:29.542132,"['32214', '32228', '32236', '32243', '32263', '32270', '32275', '32277', '32285', '32288']"
301,344018,0.35077424348855635,0.16666666666666666,300,2024-09-24 10:23:29.635681,"['32219', '32228', '32234', '32236', '32247', '32263', '32275', '32277', '32285', '32288']"
302,825961,0.3207922791145725,0.1388888888888889,300,2024-09-24 10:23:29.727838,"['32214', '32228', '32234', '32236', '32247', '32263', '32275', '32277', '32285', '32288']"
303,257011,0.26385225566113163,0.2222222222222222,300,2024-09-24 10:23:29.824379,"['32228', '32236', '32243', '32262', '32263', '32270', '32274', '32277', '32285', '32288']"
304,418238,0.2666986816486032,0.05555555555555555,300,2024-09-24 10:23:29.919527,"['32214', '32228', '32243', '32262', '32263', '32270', '32274', '32277', '32285', '32286']"
305,1075737,0.34855600329330577,0.1111111111111111,305,2024-09-24 10:23:30.128504,"['32214', '32221', '32225', '32245', '32249', '32251', '32263', '32270', '32285', '32288']"
306,632547,0.3274764896660019,0.19444444444444445,305,2024-09-24 10:23:30.224041,"['32214', '32219', '32225', '32228', '32245', '32270', '32275', '32286', '32287', '32288']"
307,456606,0.4478802090351569,0.05555555555555555,305,2024-09-24 10:23:30.316843,"['32214', '32225', '32228', '32234', '32245', '32263', '32274', '32275', '32286', '32288']"
308,1276897,0.36489262925871857,0.4444444444444444,305,2024-09-24 10:23:30.410798,"['32214', '32219', '32225', '32228', '32236', '32245', '32246', '32270', '32275', '32287']"
309,1660478,0.3747963124310616,0.027777777777777776,305,2024-09-24 10:23:30.507756,"['32214', '32215', '32221', '32245', '32246', '32247', '32249', '32251', '32285', '32288']"
310,321343,0.3812709465631791,0.3888888888888889,310,2024-09-24 10:23:30.707474,"['32215', '32221', '32226', '32228', '32234', '32245', '32246', '32247', '32270', '32281']"
311,197968,0.41113082013959307,0.19444444444444445,310,2024-09-24 10:23:30.805294,"['32214', '32219', '32221', '32226', '32228', '32234', '32247', '32263', '32270', '32281']"
312,933889,0.46840140819872245,0.0,310,2024-09-24 10:23:30.899319,"['32215', '32219', '32225', '32228', '32246', '32264', '32270', '32281', '32285', '32287']"
313,16136,0.29752655632378405,0.16666666666666666,310,2024-09-24 10:23:30.993296,"['32214', '32221', '32226', '32228', '32234', '32236', '32247', '32251', '32270', '32274']"
314,498327,0.30203156790495833,0.3333333333333333,310,2024-09-24 10:23:31.087963,"['32214', '32221', '32228', '32234', '32236', '32245', '32251', '32270', '32274', '32286']"
315,1524292,0.32018188630144573,0.08333333333333333,315,2024-09-24 10:23:31.290690,"['32226', '32242', '32243', '32245', '32251', '32262', '32263', '32270', '32281', '32286']"
316,817317,0.5714670970888115,0.0,315,2024-09-24 10:23:31.384957,"['32219', '32221', '32225', '32226', '32228', '32249', '32256', '32281', '32285', '32287']"
317,278904,0.42930942513261805,0.027777777777777776,315,2024-09-24 10:23:31.479105,"['32219', '32221', '32225', '32226', '32228', '32249', '32256', '32281', '32285', '32287']"
318,680022,0.30482788047747417,0.2222222222222222,315,2024-09-24 10:23:31.573241,"['32219', '32225', '32226', '32228', '32234', '32236', '32245', '32247', '32275', '32281']"
319,1559515,0.47031263757873326,0.0,315,2024-09-24 10:23:31.668219,"['32219', '32221', '32225', '32226', '32228', '32249', '32256', '32281', '32285', '32287']"
320,1274725,0.3709547737212968,0.19444444444444445,320,2024-09-24 10:23:31.874717,"['32214', '32216', '32234', '32246', '32247', '32251', '32263', '32281', '32283', '32288']"
321,149791,0.30592762945858165,0.3333333333333333,320,2024-09-24 10:23:31.969277,"['32214', '32225', '32234', '32243', '32245', '32249', '32263', '32274', '32281', '32288']"
322,963647,0.2837818177688737,0.1111111111111111,320,2024-09-24 10:23:32.063291,"['32214', '32225', '32228', '32236', '32243', '32249', '32262', '32263', '32274', '32275']"
323,1521421,0.321593224232253,0.2222222222222222,320,2024-09-24 10:23:32.155597,"['32228', '32234', '32236', '32249', '32262', '32263', '32274', '32275', '32281', '32288']"
324,1647,0.43353105149588367,0.1388888888888889,320,2024-09-24 10:23:32.250129,"['32214', '32225', '32228', '32243', '32245', '32249', '32263', '32274', '32281', '32288']"
325,1025229,0.2797155919083917,0.0,325,2024-09-24 10:23:32.455944,"['32214', '32219', '32221', '32226', '32228', '32236', '32243', '32251', '32262', '32263']"
326,361999,0.29053007740266384,0.2222222222222222,325,2024-09-24 10:23:32.552701,"['32214', '32219', '32236', '32243', '32245', '32251', '32263', '32270', '32274', '32275']"
327,1279502,0.3474707889358783,0.3611111111111111,325,2024-09-24 10:23:32.645238,"['32214', '32219', '32226', '32228', '32246', '32249', '32251', '32256', '32261', '32263']"
328,404912,0.33184573281607666,0.1111111111111111,325,2024-09-24 10:23:32.738541,"['32214', '32221', '32228', '32236', '32245', '32247', '32251', '32256', '32262', '32281']"
329,565145,0.385109521748995,0.027777777777777776,325,2024-09-24 10:23:32.835731,"['32214', '32219', '32236', '32243', '32245', '32251', '32261', '32263', '32270', '32274']"
330,309359,0.4203993492098265,0.0,330,2024-09-24 10:23:33.046018,"['32214', '32219', '32221', '32225', '32236', '32249', '32256', '32263', '32281', '32285']"
331,779144,0.39873023329246254,0.16666666666666666,330,2024-09-24 10:23:33.141301,"['32214', '32219', '32221', '32236', '32247', '32249', '32256', '32263', '32281', '32287']"
332,965652,0.4262095433230597,0.1111111111111111,330,2024-09-24 10:23:33.236109,"['32219', '32221', '32225', '32234', '32245', '32249', '32262', '32263', '32270', '32281']"
333,882965,0.32073872918641266,0.2222222222222222,330,2024-09-24 10:23:33.329691,"['32214', '32219', '32221', '32225', '32245', '32249', '32263', '32270', '32281', '32287']"
334,242816,0.29424718252615545,0.0,330,2024-09-24 10:23:33.423063,"['32219', '32236', '32243', '32245', '32263', '32266', '32270', '32274', '32275', '32282']"
335,544143,0.33168714991768417,0.2777777777777778,335,2024-09-24 10:23:33.625354,"['32216', '32221', '32225', '32236', '32245', '32246', '32247', '32249', '32251', '32281']"
336,1054180,0.4083224125017292,0.16666666666666666,335,2024-09-24 10:23:33.717954,"['32225', '32226', '32234', '32236', '32246', '32247', '32262', '32270', '32281', '32283']"
337,1000308,0.29926269060817223,0.25,335,2024-09-24 10:23:33.810970,"['32225', '32236', '32243', '32246', '32257', '32262', '32270', '32274', '32275', '32283']"
338,1505161,0.39812886615976845,0.25,335,2024-09-24 10:23:33.905171,"['32216', '32225', '32226', '32236', '32245', '32246', '32247', '32263', '32281', '32283']"
339,289998,0.3424205362154923,0.4444444444444444,335,2024-09-24 10:23:33.999253,"['32221', '32225', '32236', '32245', '32246', '32247', '32249', '32251', '32281', '32283']"
340,18973,0.486514094145085,0.0,340,2024-09-24 10:23:34.201373,"['32226', '32236', '32246', '32249', '32253', '32256', '32263', '32281', '32285', '32287']"
341,94712,0.295487354318011,0.1111111111111111,340,2024-09-24 10:23:34.296446,"['32214', '32221', '32234', '32236', '32245', '32246', '32247', '32251', '32281', '32286']"
342,480588,0.2862440804591781,0.08333333333333333,340,2024-09-24 10:23:34.391392,"['32219', '32228', '32234', '32236', '32243', '32270', '32274', '32275', '32283', '32286']"
343,1075248,0.34834272065353555,0.25,340,2024-09-24 10:23:34.494590,"['32214', '32221', '32234', '32236', '32245', '32247', '32251', '32262', '32281', '32286']"
344,449214,0.3805998261044524,0.08333333333333333,340,2024-09-24 10:23:34.592518,"['32219', '32228', '32234', '32236', '32243', '32270', '32274', '32275', '32283', '32286']"
345,363118,0.3216691543708011,0.2222222222222222,345,2024-09-24 10:23:34.816296,"['32215', '32221', '32226', '32228', '32249', '32251', '32253', '32285', '32286', '32287']"
346,921045,0.34081820906165494,0.5,345,2024-09-24 10:23:34.910602,"['32214', '32225', '32226', '32228', '32234', '32245', '32247', '32274', '32281', '32287']"
347,487971,0.25766349040597936,0.027777777777777776,345,2024-09-24 10:23:35.006762,"['32214', '32225', '32226', '32228', '32262', '32263', '32270', '32274', '32275', '32283']"
348,1617489,0.47511652891209116,0.08333333333333333,345,2024-09-24 10:23:35.111991,"['32215', '32225', '32226', '32228', '32249', '32253', '32264', '32280', '32285', '32287']"
349,158074,0.2978288431434569,0.1111111111111111,345,2024-09-24 10:23:35.212543,"['32219', '32225', '32226', '32228', '32234', '32236', '32262', '32270', '32274', '32275']"
350,991760,0.4912502807368777,0.0,350,2024-09-24 10:23:35.509729,"['32214', '32226', '32228', '32245', '32246', '32247', '32249', '32251', '32285', '32286']"
351,611629,0.36347927218999954,0.05555555555555555,350,2024-09-24 10:23:35.613198,"['32219', '32221', '32225', '32226', '32233', '32247', '32256', '32261', '32263', '32281']"
352,218238,0.2899416814836162,0.16666666666666666,350,2024-09-24 10:23:35.713773,"['32214', '32226', '32228', '32242', '32246', '32247', '32249', '32251', '32285', '32286']"
353,640483,0.4381444864394876,0.1111111111111111,350,2024-09-24 10:23:35.814673,"['32214', '32226', '32228', '32236', '32242', '32243', '32262', '32270', '32274', '32275']"
354,871636,0.3901903721353755,0.08333333333333333,350,2024-09-24 10:23:35.913722,"['32225', '32226', '32233', '32246', '32247', '32249', '32261', '32263', '32281', '32285']"
355,377816,0.27175310486356785,0.05555555555555555,355,2024-09-24 10:23:36.121813,"['32214', '32216', '32225', '32228', '32242', '32243', '32248', '32262', '32263', '32274']"
356,1011907,0.3522941359196465,0.08333333333333333,355,2024-09-24 10:23:36.222283,"['32214', '32221', '32225', '32234', '32236', '32245', '32247', '32270', '32275', '32288']"
357,1164671,0.3476728732484169,0.1388888888888889,355,2024-09-24 10:23:36.321094,"['32214', '32221', '32225', '32226', '32236', '32246', '32251', '32270', '32286', '32288']"
358,333019,0.3418518149397929,0.19444444444444445,355,2024-09-24 10:23:36.416895,"['32214', '32219', '32221', '32225', '32226', '32228', '32234', '32236', '32270', '32288']"
359,792695,0.4319887358417825,0.2222222222222222,355,2024-09-24 10:23:36.512392,"['32214', '32219', '32221', '32225', '32228', '32234', '32247', '32270', '32275', '32288']"
360,148578,0.32148826730807867,0.3611111111111111,360,2024-09-24 10:23:36.713672,"['32214', '32225', '32228', '32234', '32236', '32245', '32246', '32247', '32285', '32287']"
361,622785,0.4040617145918687,0.1388888888888889,360,2024-09-24 10:23:36.807319,"['32219', '32221', '32226', '32228', '32249', '32251', '32256', '32264', '32287', '32288']"
362,358661,0.5414099524600299,0.0,360,2024-09-24 10:23:36.903232,"['32214', '32219', '32228', '32237', '32251', '32256', '32264', '32281', '32287', '32288']"
363,551632,0.310423478066462,0.027777777777777776,360,2024-09-24 10:23:36.998640,"['32225', '32228', '32234', '32236', '32243', '32261', '32262', '32263', '32274', '32286']"
364,950706,0.329303678055003,0.027777777777777776,360,2024-09-24 10:23:37.096539,"['32214', '32225', '32228', '32234', '32236', '32261', '32262', '32263', '32274', '32286']"
365,984155,0.36186336720524737,0.08333333333333333,365,2024-09-24 10:23:37.349030,"['32214', '32226', '32234', '32236', '32245', '32249', '32251', '32262', '32274', '32281']"
366,161733,0.34262597026520275,0.05555555555555555,365,2024-09-24 10:23:37.447584,"['32225', '32234', '32242', '32243', '32262', '32263', '32270', '32274', '32275', '32281']"
367,833053,0.26984317968315025,0.08333333333333333,365,2024-09-24 10:23:37.540785,"['32214', '32225', '32228', '32229', '32236', '32245', '32270', '32274', '32281', '32286']"
368,418960,0.48184535903248016,0.05555555555555555,365,2024-09-24 10:23:37.635914,"['32226', '32229', '32231', '32247', '32249', '32251', '32256', '32264', '32281', '32286']"
369,843393,0.3617138790717811,0.05555555555555555,365,2024-09-24 10:23:37.730087,"['32214', '32225', '32234', '32236', '32245', '32249', '32251', '32270', '32281', '32286']"
370,915484,0.287360950088411,0.08333333333333333,370,2024-09-24 10:23:37.968168,"['32225', '32226', '32228', '32234', '32243', '32245', '32262', '32274', '32275', '32286']"
371,350689,0.37983902054975666,0.1388888888888889,370,2024-09-24 10:23:38.069605,"['32225', '32226', '32228', '32234', '32242', '32243', '32262', '32263', '32275', '32286']"
372,1067160,0.3726756827710012,0.16666666666666666,370,2024-09-24 10:23:38.163059,"['32214', '32217', '32219', '32226', '32228', '32236', '32246', '32281', '32285', '32286']"
373,774231,0.32064664048550234,0.08333333333333333,370,2024-09-24 10:23:38.271464,"['32226', '32228', '32231', '32236', '32245', '32247', '32263', '32274', '32286', '32287']"
374,610524,0.32073466619985136,0.25,370,2024-09-24 10:23:38.378237,"['32226', '32228', '32231', '32234', '32236', '32245', '32247', '32274', '32286', '32287']"
375,216514,0.3760402039352616,0.0,375,2024-09-24 10:23:38.582524,"['32225', '32226', '32236', '32245', '32246', '32247', '32251', '32261', '32263', '32281']"
376,310502,0.3355000590338729,0.08333333333333333,375,2024-09-24 10:23:38.676663,"['32214', '32225', '32228', '32234', '32245', '32247', '32262', '32274', '32275', '32286']"
377,1594095,0.4520752014811554,0.0,375,2024-09-24 10:23:38.777416,"['32221', '32225', '32236', '32245', '32247', '32249', '32251', '32261', '32281', '32286']"
378,994850,0.4696074104329614,0.027777777777777776,375,2024-09-24 10:23:38.881114,"['32214', '32221', '32226', '32236', '32245', '32246', '32249', '32251', '32261', '32287']"
379,1595722,0.27577059773011753,0.19444444444444445,375,2024-09-24 10:23:38.977323,"['32214', '32225', '32228', '32236', '32245', '32247', '32251', '32261', '32275', '32286']"
380,743616,0.2640884786866977,0.19444444444444445,380,2024-09-24 10:23:39.183136,"['32214', '32225', '32226', '32234', '32236', '32263', '32274', '32275', '32281', '32282']"
381,327440,0.2978490251332996,0.027777777777777776,380,2024-09-24 10:23:39.290736,"['32214', '32215', '32226', '32228', '32234', '32236', '32262', '32274', '32275', '32281']"
382,1053900,0.2767495579805865,0.16666666666666666,380,2024-09-24 10:23:39.386368,"['32214', '32225', '32226', '32236', '32243', '32262', '32263', '32274', '32275', '32282']"
383,490879,0.4163655859065574,0.16666666666666666,380,2024-09-24 10:23:39.485132,"['32214', '32225', '32228', '32234', '32236', '32246', '32247', '32263', '32275', '32281']"
384,1510902,0.3444927060241074,0.3333333333333333,380,2024-09-24 10:23:39.580418,"['32214', '32219', '32221', '32228', '32236', '32245', '32249', '32251', '32281', '32287']"
385,528904,0.3519875760963256,0.2777777777777778,385,2024-09-24 10:23:39.797503,"['32214', '32221', '32226', '32245', '32247', '32249', '32251', '32261', '32264', '32281']"
386,418059,0.32260182027455936,0.4444444444444444,385,2024-09-24 10:23:39.897947,"['32214', '32226', '32234', '32236', '32243', '32247', '32261', '32270', '32281', '32286']"
387,1268144,0.3176159421347068,0.1111111111111111,385,2024-09-24 10:23:39.999109,"['32226', '32234', '32236', '32243', '32262', '32270', '32274', '32275', '32281', '32286']"
388,204374,0.3889981445655066,0.25,385,2024-09-24 10:23:40.097276,"['32214', '32219', '32221', '32225', '32226', '32228', '32245', '32247', '32251', '32261']"
389,1491282,0.4561703262775612,0.027777777777777776,385,2024-09-24 10:23:40.195626,"['32214', '32219', '32225', '32226', '32228', '32245', '32247', '32261', '32281', '32286']"
390,441961,0.34402717969540925,0.0,390,2024-09-24 10:23:40.417903,"['32225', '32234', '32236', '32247', '32261', '32262', '32270', '32274', '32275', '32286']"
391,206869,0.3102511505315854,0.2222222222222222,390,2024-09-24 10:23:40.515709,"['32234', '32236', '32245', '32247', '32249', '32261', '32263', '32270', '32274', '32286']"
392,126186,0.44102465717870326,0.0,390,2024-09-24 10:23:40.618694,"['32214', '32226', '32236', '32246', '32251', '32281', '32285', '32286', '32287', '32288']"
393,1237295,0.3135213307027849,0.16666666666666666,390,2024-09-24 10:23:40.729888,"['32214', '32226', '32236', '32245', '32247', '32249', '32274', '32281', '32285', '32286']"
394,257506,0.24456518461124804,0.5,390,2024-09-24 10:23:40.832704,"['32214', '32234', '32236', '32245', '32247', '32261', '32263', '32270', '32274', '32286']"
395,613544,0.3808342442313717,0.19444444444444445,395,2024-09-24 10:23:41.090826,"['32214', '32226', '32228', '32236', '32245', '32270', '32274', '32275', '32281', '32283']"
396,480281,0.32605894725400797,0.3333333333333333,395,2024-09-24 10:23:41.186171,"['32214', '32226', '32236', '32245', '32247', '32274', '32281', '32283', '32286', '32287']"
397,573443,0.24257745947176182,0.3611111111111111,395,2024-09-24 10:23:41.277041,"['32214', '32228', '32234', '32243', '32262', '32263', '32270', '32274', '32281', '32283']"
398,399764,0.33639749495206644,0.1388888888888889,395,2024-09-24 10:23:41.373030,"['32228', '32234', '32236', '32243', '32262', '32270', '32274', '32275', '32281', '32283']"
399,387879,0.2664965418213363,0.25,395,2024-09-24 10:23:41.468139,"['32214', '32228', '32234', '32243', '32262', '32270', '32274', '32275', '32281', '32283']"
